idx,name
0,finsupp.has_int_scalar
91971,canonically_linear_ordered_semifield.nat_cast._default.equations._eqn_1
79613,is_integral.sum
5754,subring.to_submonoid._proof_2
15529,alternating_map.map_update_self
22328,subgroup.normal_comap
91595,subgroup.relindex_dvd_index_of_le
89804,ordered_cancel_comm_monoid.to_ordered_comm_monoid.equations._eqn_1
35341,function.injective.linear_ordered_comm_monoid_with_zero._proof_1
73823,list.mfoldl._sunfold
31806,set.Ioo_self
51577,set.is_simple_order_Ici_iff_is_coatom
9811,order_hom.fst._proof_1
15461,strong_induction._main._pack._wf_rec_mk_dec_tactic._aux_1
49458,vector.induction_on₂._proof_6
56225,subsemigroup.gi_map_comap._proof_1
46447,nat.decidable_ball_le._proof_1
15059,ideal.radical._proof_1
66519,linear_pmap.coprod._proof_2
60336,ulift.non_unital_comm_semiring._proof_12
20537,mv_polynomial.eval₂_comp_right
60231,well_ordering_rel.is_well_order.equations._eqn_1
69259,mul_equiv.to_additive.equations._eqn_1
21297,function.injective.generalized_boolean_algebra._proof_13
36554,distrib_mul_action_hom.to_linear_map._proof_1
41823,set.bijective_iff_bij_on_univ
88351,list.lex.decidable_rel.equations._eqn_3
94157,eq_zero_of_mul_eq_self_right
95898,ring.not_is_field_of_subsingleton
21774,set.Union_prod_const
18292,alg_equiv.Pi_congr_right._proof_5
2705,canonically_ordered_comm_semiring.mul_assoc
17215,cardinal.mk_range_eq_of_injective
1058,semigroup_with_zero.to_semigroup
74588,nat.pincer_recursion.equations._eqn_2
39962,dim_fin_fun
45512,list.is_lawful_monad.equations._eqn_1
43447,polynomial.erase_mem_lifts
95466,with_zero.map.equations._eqn_1
21474,linear_equiv.arrow_congr._proof_30
89096,add_semiconj_by.reflexive
14357,multiset.lattice._proof_6
9749,module.End.semiring._proof_13
85092,has_bind.seq
17401,finset.sup_le_of_le_directed
53842,ideal.zero_eq_bot
36883,mul_opposite.non_unital_ring._proof_11
4089,_private.444637879.add_le_add_iff_left'
65724,linear_equiv.symm_neg
60327,supr_Prop_eq
88076,add_subgroup.to_int_submodule.equations._eqn_1
76370,add_monoid_hom.op.equations._eqn_1
41667,string.has_lt'.equations._eqn_1
50874,nat.locally_finite_order.equations._eqn_1
732,list.filter_map._match_1
83183,lex.has_involutive_inv
13395,add_con.add_group._proof_1
91422,bdd_below.finite_of_bdd_above
30586,algebra.tensor_product.tensor_product.comm_ring._proof_13
55695,basis.equiv'._proof_7
7989,ordinal.partial_order._match_17
79878,cycle.inhabited.equations._eqn_1
13777,set.subset_inter
56574,is_lawful_applicative.rec_on
17102,linear_map.ext_iff
54579,tactic.itauto.prop.xor
8287,cardinal.comm_semiring._proof_5
80573,pi.of_lex_apply
38249,linarith.mul_nonpos
37894,finsupp.map_domain.add_monoid_hom_id
73862,monad_state_adapter.mk.inj
77268,matrix.semiring.is_scalar_tower
69658,multiplicative.division_comm_monoid._proof_5
45854,non_unital_ring_hom.coe_one
19459,adjoin_root.field._proof_23
70611,set.Ioo.no_min_order._match_1
37021,function.surjective.of_comp_iff
69063,antitone_on.dual_left
33477,is_coprime.neg_neg_iff
20132,prod.non_unital_ring._proof_15
41182,distrib_mul_action_hom.coe_one
76755,non_unital_ring_hom.to_opposite_to_fun
273,mul_one_class.one
34197,fintype.decidable_exists_fintype.equations._eqn_1
81421,ulift.group_with_zero.equations._eqn_1
40552,submonoid.to_add_submonoid._proof_6
32296,mul_equiv_class.cases_on
90557,matrix.det_from_blocks_zero₂₁
93361,sub_le_sub_flip
53200,list.permutations_aux_append
90303,pi.add_left_cancel_semigroup._proof_1
77035,finset.Ioo_subset_Icc_self
54718,tactic.dsimp_config.eta._default.equations._eqn_1
80413,commute.cast_int_left
56881,ulift.algebra._proof_4
96226,lcm_dvd_lcm_mul_left
43867,finsupp.single_apply_ne_zero
47117,prod.subtraction_comm_monoid._proof_8
89575,antitone.union
63756,category_theory.is_equivalence.inv_fun_map
77333,vector.insert_nth.equations._eqn_1
24893,lex.has_add.equations._eqn_1
51383,with_top.map_top
17648,set.preimage_mono
52856,alg_hom.restrict_scalars._proof_1
69462,seq_bind_eq
29237,submonoid.to_subsemigroup
75246,monoid_hom.compr₂.equations._eqn_1
63840,vm_obj_kind.constructor.inj_eq
14527,one_mul_eq_id
74359,list.is_prefix.filter_map
24994,compl_inj_iff
39325,znum.of_int'._main.equations._eqn_2
30904,function.injective.ordered_ring._proof_18
84646,order_iso.add_left_apply
22669,subgroup.coe_mk
47838,is_nonstrict_strict_order.mk.inj
20077,with_zero.int.has_pow._match_1
33800,cardinal.powerlt.equations._eqn_1
11439,subsemiring_class.to_non_assoc_semiring._proof_7
9509,nonempty.congr
26846,with_top.linear_ordered_add_comm_monoid_with_top
40971,function.injective.semifield._proof_1
87271,prod.add_comm_monoid.equations._eqn_1
38061,add_opposite.non_unital_comm_semiring._proof_6
96258,zero_sub_add_zero_sub_rev
14660,semiconj_by.function_semiconj_mul_left
5410,fin.div_nat
3047,module.to_mul_action_with_zero
65329,set.bijective_iff_bijective_of_Union_eq_univ
65753,set.preimage_mul_const_interval
93024,list.chain'.imp_head
79559,list.foldl_with_index_aux.equations._eqn_1
56025,submonoid.multiset_prod_mem
18906,punit.biheyting_algebra._proof_2
8102,is_trans.dcases_on
29451,subalgebra.coe_restrict_scalars
7177,valuation.has_coe_to_fun
45406,sym.repeat_left_injective
14082,equiv.sum_compl
9651,cardinal.aleph_0_mul_mk_eq
95071,one_half_pos
26079,add_subsemigroup.map
61966,add_subgroup.of_sub._proof_2
48898,add_submonoid.localization_map.eq_iff_eq
37276,cardinal.ord_one
81136,dfinsupp.basis.equations._eqn_1
49237,category_theory.reflects_isomorphisms_of_reflects_monomorphisms_of_reflects_epimorphisms.equations._eqn_1
97272,add_submonoid.left_neg_equiv_symm_from_left_neg
79823,pi.const_alg_hom.equations._eqn_1
7798,list.rotate'_length_mul
26199,multilinear_map.curry_left._proof_1
10751,add_con.complete_lattice._proof_17
21528,matrix.non_unital_non_assoc_semiring
83288,omega_complete_partial_order.has_sizeof_inst
77223,category_theory.split_epi.map_section_
77216,fin_two_arrow_equiv_apply
61846,wcovby_iff_covby_or_le_and_le
6318,set.Ici
92975,is_coprime.mul_right_iff
93259,complete_lattice.inf_continuous'
73769,ordered_add_comm_monoid.lt._default.equations._eqn_1
93836,nat.dvd_add_self_left
68472,list.sum_smul
13645,linear_independent.total_equiv.equations._eqn_1
81891,list.ilast.equations._eqn_4
41486,set.prod_subset_preimage_snd
12049,linear_map.smul_right._proof_2
7623,finsupp.single_mem_supported
35931,linear_ordered_add_comm_monoid.decidable_lt._default
91417,matrix.to_lin_of_inv.equations._eqn_1
46253,rel_iso.group._proof_5
86699,smt_pre_config.rec_on
25550,order_dual.ordered_cancel_comm_monoid._proof_7
96842,int.lt_of_add_lt_add_right
68502,set.add_monoid.equations._eqn_1
82732,tsub_tsub_tsub_cancel_right
52509,flag.mem_coe_iff
66198,prod.comm_ring._proof_16
8121,cardinal.lift
57646,prod.ordered_comm_group._proof_5
87171,polynomial.map_bit1
15315,alternating_map.has_sub._proof_2
82989,finsupp.equiv_fun_on_fintype_symm_coe
83230,additive.canonically_linear_ordered_add_monoid._proof_1
27642,is_fraction_ring.to_field._proof_62
34869,category_theory.fully_faithful_cancel_right._proof_1
50807,tactic.norm_num.nat_gcd_helper_dvd_right
19461,ideal.quotient.field._proof_1
50359,option.is_none_some
27150,mul_equiv.coe_mk
23947,finsupp.order_embedding_to_fun
89289,one_hom.comp_assoc
46707,category_theory.functor.prod._proof_2
59583,submodule.finite_dimensional_supr.equations._eqn_1
89866,set.maps_to_singleton
19204,mul_semiring_action.smul_one
31269,category_theory.functor.map_arrow_obj_left
16438,inv_smul_smul
70699,subgroup.map_equiv_normalizer_eq
46695,name.no_confusion
97534,relation.trans_gen.trans_right
65675,classical.nonempty_pi
58020,pi.star_add_monoid._proof_1
40982,cycle.has_repr
18255,pi.non_assoc_semiring._proof_9
44663,norm_num.adc_bit1_bit0
91651,prod.division_monoid.equations._eqn_1
83368,submonoid.center.smul_comm_class_right.equations._eqn_1
14265,finset.nodup_to_list
67909,part_enat.dom_of_le_of_dom
51598,order.coframe.sizeof
73106,order_iso.coe_dual_dual_symm
23916,finset.decidable_exists_of_decidable_subsets._match_2
73794,decidable.or_not_of_imp
85590,congr_arg_kind.subsingleton_inst.inj_arrow
11291,is_scalar_tower.to_alg_hom._proof_1
78291,finset.has_coe_to_sort.equations._eqn_1
61930,equiv.perm.set_support_inv_eq
7253,monoid_algebra.non_unital_semiring._proof_6
62083,prod.mul_action_with_zero._proof_1
23409,matrix.diag_add_monoid_hom._proof_1
11514,is_min_bot
43509,dfinsupp.add_comm_group._proof_6
20642,mul_semiring_action_hom.has_coe'
40001,mul_opposite.field._proof_4
10310,rat.division_ring
71628,set.Ioo_subset_Ioo_union_Ico
85009,set.neg_mem_Icc_iff
65972,linear_order.to_biheyting_algebra._proof_11
38604,hnot_le_comm
5779,add_submonoid_class.zero_mem
13063,with_top.add_comm_monoid._proof_2
23440,add_left_iterate
2971,fin.succ_above_cases._proof_4
13630,add_comm_group.total_positive_cone.pos
43328,rat.cast_commute
44684,prod.comm_group._proof_5
55711,add_subgroup.top_equiv_symm_apply_coe
35383,order_hom.Sup_apply
44316,linear_map.surjective_of_iterate_surjective
43329,commute.div_left
84706,ite.decidable._match_1.equations._eqn_1
85903,finite.sigma.finite.equations._eqn_1
91774,semiconj_by_iff_eq
52208,mul_hom.prod_apply
7821,list.rotate_length_mul
40398,subsemiring.coe_top
64927,category_theory.split_epi.mk.inj
4655,imp_iff_or_not
58679,AddGroup.Mon.has_coe
32116,fin.add_comm_group._proof_8
64319,finset.val_le_iff_val_subset
65800,power_basis.has_sizeof_inst
96711,ordinal.sup_typein_succ
1101,units.has_coe
37465,function.injective.linear_ordered_comm_ring._proof_16
41749,function.injective.linear_ordered_cancel_add_comm_monoid._proof_1
48223,mul_action.fixed_points
30754,category_theory.Aut.group._proof_10
44782,rand_bool._match_1
86454,adjoin_root.mod_by_monic_hom.equations._eqn_1
7763,list.split_at._main
21915,omega_complete_partial_order.chain.has_mem
90501,prod.left_cancel_add_semigroup.equations._eqn_1
82644,list.lex.is_order_connected._match_1.equations._eqn_5
8223,is_well_order.conditionally_complete_linear_order_bot._proof_12
83886,_private.2092987417.str_ne_str_right_aux
22555,additive.add_group._proof_4
85450,linear_ordered_add_comm_group_with_top.max._default.equations._eqn_1
86175,auto.common_normalize_lemma_names.equations._eqn_1
78572,equiv.perm.decompose_option_apply
66375,tactic_doc_entry.inherit_description_from._default.equations._eqn_1
88532,subsemigroup.map_inf_comap_of_surjective
2139,add_comm_group.sub_eq_add_neg
29456,tensor_product.algebra_tensor_module.lcurry._proof_2
2496,linear_ordered_ring.to_ordered_ring
78763,string.quote_aux.equations._eqn_1
81774,multiplicity.int.coe_nat_multiplicity
84010,subgroup.inf_subgroup_of_inf_normal_of_left
47202,ulift.add_left_cancel_monoid._proof_1
83878,vm_obj_kind.environment.sizeof_spec
26257,set.up
55726,rbnode.depth._main.equations._eqn_3
81367,inv_lt_inv_of_neg
67831,list.prod_inv_reverse
28041,pi.mul_single_eq_of_ne
9208,is_refl.swap
29180,with_top.with_bot.complete_lattice._proof_5
94484,dfinsupp.add_monoid.equations._eqn_1
52922,submodule.prod_comap_inr
75031,polynomial.content_monomial
69713,subsemiring_class.to_linear_ordered_semiring._proof_8
89318,part_enat.add_monoid_with_one.equations._eqn_1
18108,with_zero
77364,add_subgroup.comap_subtype_normalizer_eq
9639,Exists.fst
39598,add_commute.add_units_zsmul_right
55620,category_theory.pi.comap_id._proof_4
13490,algebra.tensor_product.tensor_product.semiring._proof_7
96393,alg_equiv_class.has_sizeof_inst
76407,finset.decidable_eq_pi_finset.equations._eqn_1
74569,linear_pmap.neg_graph
36110,add_con.add_monoid.equations._eqn_1
15009,io
21180,_private.3591189471.enle.is_linear_order
67356,canonically_linear_ordered_semifield.exists_pair_ne
53089,is_integral_closure.algebra_map_lift
44432,strict_anti_on.comp_strict_mono_on
74620,rbmap.max
61251,has_subset.no_confusion_type
47188,_private.1165308017.tagged_proof.wf
29895,subsemigroup.closure_induction₂
29253,category_theory.comma.pre_left._proof_3
64744,is_simple_order.complete_boolean_algebra._proof_6
53575,lt_iff_lt_of_cmp_eq_cmp
12553,add_monoid_algebra.ring._proof_12
69358,ring_equiv.subsemiring_map.equations._eqn_1
11903,set.Ici.order_top._proof_1
6562,subtype.range_coe
35753,set.inj_on_empty
92631,with_zero.comm_monoid_with_zero.equations._eqn_1
92982,multiset.fold_cons'_left
32323,linear_map.to_matrix_id
53915,set.compl_inter
14318,list.dedup_cons_of_not_mem
90334,string.equations._eqn_1
92309,alternating_map.map_add_swap
42240,function.embedding.inl_apply
6173,non_unital_semiring.add_assoc
48125,finset.infi_finset_image
25666,fin.partial_prod
46285,add_monoid_hom.distrib_mul_action._proof_5
32916,algebra.tensor_product.alg_equiv_of_linear_equiv_tensor_product
2276,comm_ring.mul
50462,algebra.tensor_product.basis_aux._proof_2
48380,sq_eq_sq_iff_eq_or_eq_neg
29839,add_opposite.div_inv_monoid._proof_5
32985,nat.mul_dvd_of_dvd_div
76556,subtraction_monoid.nsmul._default.equations._eqn_1
89625,nat.cast_multiset_prod
3862,list.count_eq_one_of_mem
30641,finset.attach_insert
34830,finset.not_mem_sdiff_of_not_mem_left
6603,finset.coe_inj
94068,psigma.elim_val
38677,alg_equiv_matrix'._proof_2
2333,add_group.nsmul._default
21472,linear_equiv.arrow_congr._proof_28
13445,free_add_monoid.lift_comp_of
65072,intermediate_field.add_mem
79539,multiset.pmap_cons
1520,ordered_semiring.nat_cast_zero
69707,function.nontrivial.equations._eqn_1
71377,subfield.to_linear_ordered_field._proof_15
84956,linear_equiv.automorphism_group.equations._eqn_1
45180,comm_ring.mk.inj_arrow
89156,subalgebra.to_subring_subtype
6116,set.piecewise_eq_indicator
66237,finsupp.lattice._proof_2
11798,add_cancel_comm_monoid.mk.inj
26092,invertible.copy
56636,mul_opposite.has_distrib_neg._proof_3
35660,list.decidable_prefix._match_2
37480,function.injective.linear_ordered_comm_ring._proof_34
68196,monoid_hom.map_mul_inv
2346,int.of_nat_mul_of_nat
89603,list.bin_tree_to_list.equations._eqn_1
83155,int.shiftl_sub
27827,fraction_ring.algebra._proof_1
44666,sub_ne_zero
97421,monoid.End.equations._eqn_1
70937,algebra.smul_left_mul_matrix
16436,finset.sum_extend_by_zero
8481,sum.no_confusion
38465,prod.generalized_coheyting_algebra._proof_11
26262,set_semiring.add_comm_monoid._proof_1
88874,subring.inclusion.equations._eqn_1
547,nat.add_lt_add_left
96988,add_submonoid.to_ordered_add_comm_monoid.equations._eqn_1
87327,num.has_le.equations._eqn_1
71840,linear_map.to_matrix_symm
28430,order_dual.frame._proof_1
25032,sym.has_zero._proof_1
5562,finset.has_decidable_eq
33887,linear_ordered_comm_group_with_zero.mul
13206,part_enat.some
57013,monoid_hom.coe_fn._proof_2
54204,add_submonoid.mem_pointwise_smul_iff_inv_smul_mem
32183,pi.comm_ring._proof_22
12566,_private.3481098137.neg._main
14894,monoid_hom.comm_monoid._proof_4
37995,finset.gcd_image
54656,restrict_scalars.ring_equiv_algebra_map
23678,alg_hom.id._proof_5
35793,category_theory.comm_sq.left_adjoint
263,ordered_cancel_add_comm_monoid.le_of_add_le_add_left
58476,int.sign_eq_neg_one_of_neg
35922,setoid.correspondence._proof_5
51333,decidable_lt_of_decidable_le._main._proof_2
10122,rat.mk._main.equations._eqn_1
75883,vector.induction_on₂._proof_8
35231,with_top.with_bot.complete_lattice.equations._eqn_1
37941,submonoid.mul_distrib_mul_action.equations._eqn_1
21796,pequiv.semilattice_inf._proof_2
18421,order_iso.lt_iff_lt
4861,list.erasep_of_forall_not
30865,ulift.comm_monoid._proof_3
45869,submodule.to_ordered_add_comm_group._proof_8
82984,dfinsupp.single_eq_single_iff
15531,coe_coe
35950,cycle.not_mem_nil
96031,order_dual.ring.equations._eqn_1
46885,bin_tree.sizeof
22454,field_of_finite_dimensional
59687,ideal.is_maximal.rec_on
68593,linear_independent.extend.equations._eqn_1
19017,category_theory.bundled_hom.bundled_hom_of_parent_projection
35235,function.left_inverse.left_inv_on
35024,set.singleton_nonempty
30070,category_theory.comma.map_left_id._proof_1
1908,linear_ordered_comm_monoid_with_zero.to_comm_monoid_with_zero
46040,ulift.neg_down
92167,add_neg_eq_of_eq_add
55844,nat.two_step_induction.equations._eqn_3
66338,with_top.has_zero.equations._eqn_1
46771,category_theory.functor.const_obj_obj
91667,alg_equiv.map_finsupp_prod
19431,ideal.quotient.comm_ring._proof_31
90535,int.lt_succ
44436,finset.left_mem_Icc
41136,linear_map.ker_eq_bot_of_inverse
76554,is_symm_op.rec_on
16214,list.to_chunks_aux._main
79512,fin_sum_fin_equiv_symm_last
51296,set.Ioc_union_Ioc
79986,lex.div_inv_monoid
88740,equiv_functor.map_equiv_refl
89961,with_top.sum_eq_top_iff
16363,add_equiv.to_linear_equiv
64580,binder_info.inst_implicit.inj
58771,linear_ordered_add_comm_group.mk_of_positive_cone._proof_23
12663,polynomial.degree_eq_bot
26928,set.comm_monoid._proof_1
54964,comm_monoid.no_confusion
34276,min_add_add_left
19987,basis.of_equiv_fun._proof_2
25524,has_involutive_star.no_confusion
81100,unsigned.of_nat
53623,commute.list_sum_right
64020,direct_sum.is_internal.collected_basis._proof_3
25803,linear_map.comp_pmap
94745,subalgebra.center_to_subsemiring
31377,order_dual.generalized_heyting_algebra._proof_6
19779,linear_map.mul_right_one
31294,symm_diff_symm_diff_right
42115,basis.sum_extend
43677,multiset.to_finset_map
34439,codisjoint_hnot_left
60638,function.embedding.no_confusion_type
26437,set.vadd_mem_vadd_set
59193,linear_ordered_add_comm_group.mk_of_positive_cone._proof_4
66026,pi.non_assoc_ring._proof_19
89343,finprod_mem_mul_support
13096,with_top.top_mul
56119,finsupp.sum_univ_single'
13434,algebra.tensor_product.mul
1199,cancel_monoid_with_zero.to_monoid_with_zero
71803,sum.lex.no_min_order_of_nonempty.equations._eqn_1
68923,add_submonoid.localization_map.of_add_equiv_of_dom._match_6
59402,subsemiring.center.comm_semiring.equations._eqn_1
93884,is_right_distrib.cases_on
87046,gcd_monoid.mk.inj_arrow
34124,add_subgroup_class.to_add_group._proof_2
76449,with_top.has_one.equations._eqn_1
53535,subring.to_linear_ordered_comm_ring.equations._eqn_1
33153,subtype.locally_finite_order._proof_2
40333,finset.order_emb_of_fin.equations._eqn_1
33180,euclidean_domain.div_zero
20041,with_zero.mul_zero_one_class._proof_3
96581,subsemiring.no_zero_divisors.equations._eqn_1
79662,add_subgroup.closure_induction_right
47095,char.ne_of_vne
66327,prod.non_assoc_ring._proof_14
73453,zero_hom_class.sizeof
60291,list.nodup.diff_eq_filter
73239,multilinear_curry_right_equiv._proof_5
67152,algebra.adjoin_comm_semiring_of_comm._proof_13
52844,monoid_with_zero_hom.comp.equations._eqn_1
44375,mv_polynomial.mv_polynomial_equiv_mv_polynomial._proof_3
88655,list.forall₂.cases_on
17016,add_equiv.arrow_congr._proof_2
19358,con.lift._proof_1
14338,multiset.eq_zero_of_subset_zero
51228,mul_equiv.prod_congr._proof_1
57070,add_opposite.has_distrib_neg.equations._eqn_1
91987,commutator_element.equations._eqn_1
47435,neg_sub_neg
87762,lex.rec.equations._eqn_1
55892,classical.epsilon
45901,category_theory.preimage_map
1676,nat.size
74692,add_subsemigroup.coe_Inf
79355,format.color.inhabited
26291,set_semiring.non_assoc_semiring._proof_11
68957,ulift.cancel_monoid._proof_3
89595,ideal.is_primary_inf
59082,is_unit.mul_one_div_cancel
21164,part_enat.with_top_equiv._match_1.equations._eqn_1
46483,order.pred_eq_supr
20555,mv_polynomial.eval₂_hom._proof_1
27481,equiv.sum_comp
87843,option.comp_map
60267,polynomial.is_root.decidable.equations._eqn_1
18551,polynomial.comm_semiring._proof_2
41647,polynomial.reflect_C_mul_X_pow
12725,order_dual.exists
62627,list.is_suffix.equations._eqn_1
42199,polynomial.trailing_degree_ne_of_nat_trailing_degree_ne
89308,add_subsemigroup.coe_center
92647,div_le_one_iff
62188,add_subgroup.index_dvd_of_le
15424,units.map._proof_2
82921,category_theory.equivalence.has_sizeof_inst
68517,nat.min_fac_le
35952,decidable_nontrivial_coe._main._pack._wf_rec_mk_dec_tactic._aux_1
72967,AddCommGroup.as_hom.equations._eqn_1
67406,fun_info.inhabited
44204,finite_dimensional.exists_relation_sum_zero_pos_coefficient_of_dim_succ_lt_card
82033,add_monoid_hom.mul.equations._eqn_1
96166,function.injective.sum_elim
63613,polynomial.nat_degree_C_mul
40058,mul_opposite.field._proof_27
77774,quotient.lift.decidable_pred
92037,list.kextract._sunfold
23763,int.div_add_mod
45443,order_dual.coframe._proof_17
36978,is_reduced.eq_zero
37866,list.take_list._match_1
68848,linarith.comp_source.add.inj_arrow
92249,free_add_monoid.inhabited.equations._eqn_1
66064,sum.swap_left_inverse
84626,division_ring.sub._default.equations._eqn_1
88743,add_valuation.comap_supp
82597,zero_le_three
46334,polynomial.trailing_degree_le_trailing_degree
41163,is_glb_Ioo
61915,zsmul_lt_zsmul_iff'
49079,additive.subtraction_monoid._proof_5
80110,finsupp.ker_lsingle
96342,is_coprime.pow_iff
58425,function.involutive.eq_iff
712,add_group.nsmul_succ'
20819,subring.copy
95876,is_modular_lattice.cases_on
68677,lex.has_sub.equations._eqn_1
93325,frobenius_nat_cast
33591,submodule.quotient.smul_comm_class
32661,antitone.mem_upper_bounds_image
87430,monad_state_trans.equations._eqn_1
19405,ideal.quotient.comm_ring._proof_9
14353,multiset.lattice._proof_2
82630,sum.is_empty.equations._eqn_1
74052,ne_of_mem_of_not_mem'
7558,monoid_algebra.of._proof_1
88133,is_associative.dcases_on
2409,int.le.dest
13217,part_enat.add_comm_monoid._proof_3
97882,multiset.inf_mono
3763,dfinsupp.map_range_id
64576,category_theory.functor.split_mono_equiv._proof_2
92391,order_iso.Ici_bot._proof_4
22955,ring_equiv.trans_apply
30728,function.embedding.prod_map
81016,pos_num.nat_size.equations._eqn_1
76985,is_lawful_monad.pure_seq_eq_map._default
7032,list.disjoint_left
39811,array.rev_list_length_aux
7358,infi_range
2752,non_unital_comm_semiring.add_assoc
52456,subgroup.disjoint_iff_mul_eq_one
84894,ordinal.nfp_monotone
31747,add_units.map._proof_1
66364,equiv.perm.sigma_congr_right_hom_apply
34939,prod.ordered_add_comm_monoid._proof_10
13227,nat.find_min
73717,ordinal.add_eq_zero_iff
93355,quotient.fin_choice_aux.equations._eqn_1
20203,order_dual.has_one
937,neg_zero
27785,order_dual.covariant_class_add_lt
26923,set.monoid._proof_2
40187,alist.ext_iff
81810,conj_classes.mem_carrier_mk
61072,linear_pmap.mk_span_singleton'_apply
76521,inv_mem_class.mk.inj_arrow
38510,set.Icc.semilattice_sup._proof_1
10401,division_ring.inv_zero
56563,add_mem_class.no_confusion_type
43137,is_coprime.of_mul_add_right_left
8493,nonempty_of_exists
84784,int.conditionally_complete_linear_order.equations._eqn_1
4279,inf_is_associative
50036,subalgebra.supr_lift._proof_5
35344,function.injective.linear_ordered_comm_monoid_with_zero._proof_4
22841,ring_equiv.of_hom_inv._proof_2
44130,add_equiv.to_multiplicative
72872,fin_two_equiv
41384,submonoid_of_idempotent._proof_3
96831,linear_map.sup_range_inl_inr
35870,polynomial.splits_map_iff
84849,subsemigroup.closure_eq
79428,function.bijective.comp_right
22284,bool.ff_lt_tt
89325,set.bUnion_eq_sigma_of_disjoint._proof_2
77683,multilinear_map.comp_linear_equiv_eq_zero_iff
54668,field.qsmul._default
81551,set.image_image2_right_anticomm
243,has_le.le.antisymm
89420,nat.succ_pnat_inj
22195,rel_hom.rel_hom_class._proof_1
78891,equiv.d_array_equiv_fin._match_1.equations._eqn_1
62820,function.antitone_iterate_of_le_id
3081,linear_map.comp
92906,monad_functor_t.mk.sizeof_spec
50175,one_hom.id
16601,nat.conditionally_complete_linear_order_bot._proof_4
15414,finite.false
88322,mul_equiv.inv'_apply
24853,list.sublists_len_aux.equations._eqn_4
65596,bool.nontrivial
1652,comm_semiring.to_non_unital_comm_semiring._proof_3
40324,composition.card_boundaries_eq_succ_length
34383,category_theory.functor.associator
69872,set.separates_points
39890,add_monoid_hom.mul_op._proof_4
53659,vector.mmap._main.equations._eqn_2
18405,category_theory.full_subcategory.ext_iff
36194,pos_num.divmod._match_2
7256,monoid_algebra.non_unital_semiring._proof_9
12384,set.pairwise_disjoint
11113,is_self_adjoint.inv
36989,equiv.pi_equiv_subtype_sigma._match_1
89311,add_monoid_hom.cancel_right
78162,option.pmap._sunfold
67017,tactic.interactive.case_tag.hyps.inj
80597,with_zero.division_monoid._match_2.equations._eqn_1
7466,subalgebra.zero_mem'
58266,add_ite
15001,monoid_hom.snd._proof_1
25541,order_dual.ordered_comm_monoid._proof_11
96428,finset.preimage_mul_right_one'
84477,set.vadd_set_Union
56008,set.is_pwo.mul
8168,conditionally_complete_lattice.le_refl
82825,cast_pos_num._main.equations._eqn_2
76831,ordinal.partial_order._match_11.equations._eqn_1
48462,countable.drec
5109,finset.generalized_boolean_algebra._proof_9
91406,sum.encodable.equations._eqn_1
65555,covariant_class.cases_on
45041,mul_action.disjoint_image_image_iff
40086,alg_hom.mk'
12252,alg_equiv_class.coe_injective'
71347,d_array.mk.inj_arrow
85761,multiset.sigma_add
12455,polynomial.has_well_founded
57273,function.injective.linear_ordered_comm_monoid._proof_7
59708,decidable.mul_lt_one_of_nonneg_of_lt_one_left
39390,int.add_lt_add
43089,add_monoid_hom.comp_hom'
13155,with_top.order_bot
66289,category_theory.groupoid.of_trunc_split_mono
78574,smul_monoid_with_zero_hom.equations._eqn_1
174,add_right_cancel_monoid.add_assoc
80645,set.bounded_gt_Ioc
68471,znum.pos.inj_arrow
97474,rat.cast_injective
37928,finite.set.finite_diff
49289,matrix.star_ring.equations._eqn_1
57809,set.bUnion_vadd_set
18362,associates.cancel_comm_monoid_with_zero._proof_7
86982,list.ilast.equations._eqn_3
9035,order_dual.conditionally_complete_lattice._proof_8
75491,monoid_hom.eq_of_eq_on_top
43737,matrix.vec_mul_vec_mul
1184,division_monoid.zpow_neg'
30863,ulift.comm_monoid._proof_1
89060,fintype.decidable_eq_embedding_fintype._proof_1
15195,linear_map.graph._proof_1
15033,mul_opposite.group._proof_4
5821,field.mul_comm
74907,prod.smul_with_zero
66350,relation.refl_trans_gen.is_refl
15169,prod.distrib_mul_action._proof_1
42878,function.mul_support_eq_empty_iff
20883,associates.ordered_comm_monoid._match_1
28674,set.image2_Inter₂_subset_right
81540,is_invariant_subring.drec
9583,cardinal.lt_aleph_0_iff_finite
23211,add_monoid_hom.to_add_equiv
92864,nat.test_bit_lor
44485,iff.rec_on
9322,subtype.val_injective
60960,int.dvd_div_of_mul_dvd
87499,part.zero_mem_zero
90726,add_localization.r.equations._eqn_1
39746,CommSemiRing.has_coe_to_sort.equations._eqn_1
2179,non_unital_ring.zsmul_succ'
25001,list.zip_with_cons_cons
19692,ideal.quotient.algebra._proof_7
51197,list.tail._main.equations._eqn_2
57516,finset.smul_singleton
63973,finset.singleton_disj_union
15266,multilinear_map.has_sub._proof_1
37972,finset.min_eq_inf_with_top
61649,int.exists_gcd_one
12743,finset.sum_product
30860,subgroup.unique._proof_1
91154,finset.coe_coe_add_monoid_hom
7914,units.inv_eq_of_mul_eq_one_right
6919,mul_equiv_class.to_monoid_with_zero_hom_class
81844,as_linear_order.linear_order.equations._eqn_1
71750,pi.no_zero_smul_divisors.equations._eqn_1
88975,add_con.Inf_def
94686,_private.4141373909.mul_normal_aux._match_3.equations._eqn_1
87844,list.repr_aux._main.equations._eqn_3
40190,rat.add_group.equations._eqn_1
45979,functor.comp.map_pure
75736,list.zip_left'_nil_left
27861,polynomial.is_primitive.is_primitive_of_dvd
85886,distrib_mul_action_hom.comp_id
91173,set.div_nonempty
40321,list.eq_of_sum_take_eq
50927,prod.division_monoid
29597,ordinal.div_le_of_le_mul
21615,algebra.of_module'._proof_1
95529,finset.Icc_diff_Ioc_self
84487,multiset.prod_pair
80342,add_submonoid.neg_top
32836,tensor_product.map_bilinear_apply
50374,pi.mul_distrib_mul_action'._proof_1
20731,add_subgroup.coe_Inf
22022,linear_map.restrict_scalars._proof_2
83895,is_lawful_traversable.no_confusion
77255,antitone_on.map_is_least
31533,sym.inhabited_sym
7793,list.rotate'
45972,functor.comp.comp_map
27794,dvd.intro_left
68781,intermediate_field.coe_sum
29369,polynomial.coeff_X_one
81671,matrix.ker_to_lin'_eq_bot_iff
56417,equiv.unique_prod.equations._eqn_1
83161,add_valuation.ext_iff
32322,linear_map.to_matrix_algebra_map
3741,pi.add_zero_class._proof_1
18983,prod.comm_monoid._proof_3
9982,nat.dvd_trans
25007,non_unital_alg_hom_class.to_distrib_mul_action_hom_class
90456,linear_map.fun_left_injective_of_surjective
71382,quotient_group.coe_pow
16056,mul_opposite.division_ring._proof_8
69830,int.smul_one_eq_coe
34069,supr_eq_supr_finset'
94344,add_valuation.comap_comp
19525,ideal.quotient.field._proof_32
29161,complete_linear_order.to_conditionally_complete_linear_order_bot._proof_15
68794,subtype.tag_irrelevant
52895,subsemiring_class.no_confusion_type
70119,himp_triangle
65305,int.eq_one_or_neg_one_of_mul_eq_one'
9873,linear_ordered_field.to_field
830,finset.val_inj
47754,equiv.subtype_sigma_equiv._proof_3
3115,mul_hom_class.to_fun_like
65661,int.shiftr_coe_nat
11951,add_monoid.End.semiring._proof_8
85835,int.cast_coe.equations._eqn_1
56380,tactic.interactive.case_tag.to_string._main.equations._eqn_2
88466,non_assoc_ring.zsmul._default
5329,mul_equiv.mul_equiv_class._proof_1
78002,finset.inter_inter_distrib_right
33582,nat.card_eq_fintype_card
73738,sub_eq_of_eq_add'
10167,int.neg_succ_of_nat_coe
77275,function.periodic_orbit_eq_nil_of_not_periodic_pt
1110,monoid.mul_assoc
90322,covby.sup_of_inf_of_inf_right
62438,units.is_scalar_tower'_left
33427,rat.denom_zero
17951,fin.add_monoid_with_one._proof_6
37377,linear_equiv.fin_two_arrow._proof_4
62619,mv_polynomial.support_fin_succ_equiv_nonempty
96270,set.sInter_diff_singleton_univ
29514,ordinal.deriv_mul_eq_opow_omega_mul
73884,submodule.le_div_iff
89530,smul_comm_class.drec
47498,multiset.choose
90282,set.countable_empty
18520,function.injective.comm_semiring._proof_8
47473,linear_map.lsum._proof_1
11323,subsemiring.to_non_assoc_semiring._proof_9
52005,list.prod_eq_zero
669,or.assoc
88139,sub_add_eq_sub_add_zero_sub
63538,alist.keys.equations._eqn_1
64648,order_hom_class.order_hom.has_coe_t.equations._eqn_1
4333,boolean_algebra.top_le_sup_compl
85402,set_semiring.order_bot
54185,ordered_comm_ring.to_ordered_comm_semiring._proof_14
27847,minpoly.dvd
58956,matrix.one_eq_pi_single
76425,submodule.comap_mkq.order_embedding.equations._eqn_1
70624,punit.canonically_ordered_add_monoid._proof_1
65017,inv_div_left
72517,matrix.diagonal_linear_map._proof_1
45753,tactic.ring_exp.pow_pf_zero
9017,has_le.le.trans_eq
3415,list.foldr
34799,category_theory.functor.left_op_right_op_equiv._proof_4
35371,complete_lattice.omega_complete_partial_order._match_1
291,non_assoc_semiring.zero_add
25062,buffer.push_back.equations._eqn_1
58329,list.lt_length_right_of_zip
48230,semilinear_equiv_class.cases_on
80237,ring.positive_cone.sizeof
25384,non_zero_divisors
90432,algebra.tensor_product.rid_tmul
65533,linear_map.quotient_inf_equiv_sup_quotient._proof_4
13748,submodule.complete_lattice
73691,has_involutive_inv.rec_on
45599,equiv.perm.of_subtype.equations._eqn_1
44803,category_theory.groupoid.iso_equiv_hom._proof_4
6727,polynomial.monomial._proof_1
45374,composition_as_set_equiv._proof_3
5010,multiset.inter_le_left
15184,linear_map.prod._proof_2
9723,linear_map.module.End.has_mul
49638,composition.blocks_fun_mem_blocks
1859,mul_le_mul_left
25954,mv_polynomial.coeff_mul_monomial
97048,cardinal.extend_function_of_lt
48958,additive.canonically_ordered_add_monoid._proof_9
18736,polynomial.monic_X_pow_sub
21194,encodable.encode_multiset._proof_3
27925,polynomial.expand._proof_1
36921,power_basis.lift._proof_6
8818,not_rel_of_subsingleton
46729,prod.non_unital_comm_ring._proof_4
78609,linear_pmap.has_smul.equations._eqn_1
77381,int.greatest_of_bdd._match_2._proof_1
79301,cast_eq_iff_heq
24998,list.zip_with_rotate_one
15276,multilinear_map.add_comm_group._proof_11
66785,finsupp.lapply.equations._eqn_1
85718,function.iterate.rec.equations._eqn_1
42318,add_localization.add_comm_monoid
93982,set.disjoint_Union₂_right
69648,monoid_algebra.lift_unique
87875,int.eq_of_associated_of_nonneg
25905,list.forall₂_nil_right_iff
6428,complete_distrib_lattice.inf_le_left
88108,finset.eq_sum_range_sub'
73602,rat.has_zero.equations._eqn_1
31848,char.has_le
89568,category_theory.arrow.mono_left.equations._eqn_1
36762,to_dual_compl
89845,distrib_mul_action.to_add_equiv_symm_apply
71370,subfield.to_linear_ordered_field._proof_4
55438,monad_io_net_system.listen
70957,order_dual.complete_distrib_lattice._proof_4
5366,add_equiv.cases_on
56346,subgroup.mem_inv_pointwise_smul_iff
49900,list.mem_permutations_aux2'
28068,function.injective.linear_ordered_semiring._proof_24
94939,finset.singleton_zero_hom.equations._eqn_1
53541,mv_polynomial.map_alg_equiv._proof_2
74382,linear_equiv.of_dim_eq._proof_1
76133,nat.sqrt_pos
15919,set.image_preimage
49306,Sup_disjoint_iff
73351,finset.smul_card_le
89821,submonoid.localization_map.away_map.lift.equations._eqn_1
5178,option.ne_none_iff_is_some
71811,set.union_div
31856,char.linear_order._proof_5
67572,function.injective.pairwise_ne
81773,multiplicity.int.nat_abs
95856,has_insert.rec_on
44647,list.length_eq_three
70763,list.scanr_aux._main.equations._eqn_1
4851,list.diff
86736,tactic.dsimp_config.memoize._default.equations._eqn_1
67027,has_insert.mk.inj
97394,set.bInter_image
19197,mul_distrib_mul_action.to_monoid_hom
77534,list.split_on_p_aux'.equations._eqn_2
4799,finset.empty_subset
11978,int.of_nat_hom._proof_2
51124,list.drop_take_succ_join_eq_nth_le
40693,exists_unique.unique
6215,finsupp.lift_add_hom
42064,ring_hom.snd_comp_prod
87720,int.cast_inj_on_of_ring_char_ne_two
40387,ring_hom.lift_of_surjective._proof_1
58981,prod.map_fst
62770,add_subgroup_class.inclusion.equations._eqn_1
35662,subring.center.field._proof_14
32538,tensor_product.congr._proof_12
96405,has_lift_t.mk.inj_arrow
16174,category_theory.iso.hom
37843,prod.comm_semiring._proof_12
61139,inf_lt_right
60711,cubic.leading_coeff_of_a_eq_zero
79537,algebra.bit0_smul_bit1
80294,units.map_equiv._proof_1
44574,gcd_monoid.irreducible_iff_prime
74946,equiv.perm.sign_of_subtype
43911,nat.div_pos
55391,add_monoid.End.ring._proof_7
9131,linear_order_of_STO._proof_10
1514,ordered_semiring.mul_zero
31376,order_dual.generalized_heyting_algebra._proof_5
30076,subgroup_class.no_confusion
82490,add_monoid_hom.to_hom_add_units._proof_2
96705,distrib.mk.inj
25722,list.duplicate_cons_self_iff
36976,linear_map.sub_apply
87817,mul_opposite.non_unital_comm_ring._proof_10
63789,category_theory.equivalence.congr_left
79052,monoid_algebra.has_coe_to_fun.equations._eqn_1
49090,ne_zero.bit1
32144,fin.coe_last
62185,mul_action.self_equiv_sigma_orbits_quotient_stabilizer.equations._eqn_1
22047,finsupp.map_range_id
3883,list.length.equations._eqn_1
5515,applicative.to_functor
50800,is_coprime_mul_unit_left
60579,intermediate_field.restrict_scalars_injective
69190,list.lookmap_id'
5013,multiset.union_add_inter
44144,cc_config.ignore_instances
47955,set.finite.is_wf
9670,ordinal.not_succ_of_is_limit
94159,equiv.bool_prod_equiv_sum_symm_apply
93076,int.lxor.equations._eqn_1
37246,_private.2536046397.to_nat_core._main
713,add_group.neg
37826,add_subgroup.closure_add_comm_group_of_comm._proof_3
33881,linear_ordered_comm_group_with_zero.decidable_le
47076,linear_order.to_biheyting_algebra._proof_12
58805,znum.pos.inj
51137,prod.mul_distrib_mul_action._proof_1
19920,function.surjective.non_unital_non_assoc_semiring._proof_8
3831,list.erase_nil
59661,with_zero.can_lift.equations._eqn_1
59009,has_le.le.disjoint_compl_right
87967,add_monoid_hom.lift_of_surjective
48947,fin.coe_cast_add
81427,denumerable.finset._proof_2
44393,mv_polynomial.sum_alg_equiv._proof_5
40067,equiv.id_map
92761,add_opposite.op_eq_zero_iff
35917,setoid.correspondence.equations._eqn_1
56006,set.is_wf.min_mul
86142,prod.has_sdiff.equations._eqn_1
42233,subsemiring.to_ordered_semiring
57323,nat.size_shiftl
46164,semilattice_inf.no_confusion
35590,basis.singleton._proof_3
30314,dfinsupp.lsum._proof_6
89371,add_subgroup.one_lt_index_of_ne_top
86251,set.image_diff_preimage
17255,linear_equiv.sum_arrow_lequiv_prod_arrow._proof_2
96969,quot.congr.equations._eqn_1
59967,category_theory.adjunction.core_hom_equiv.no_confusion_type
54919,function.injective.linear_ordered_semifield._proof_10
146,list.perm.pairwise_iff
60200,mul_equiv.to_equiv_eq_coe
1693,nat.le_sqrt
93200,category_theory.equivalence.pow_nat._main.equations._eqn_2
8136,bdd_below
78749,function.injective.add_cancel_comm_monoid._proof_1
35326,add_subgroup.subtype_range
9319,vector.of_fn_nth
31190,pi.lex.linear_order._proof_1
61569,div_le_div_of_le_left
72798,equiv.div_left_apply
56883,ulift.down_injective
1799,nat.canonically_ordered_comm_semiring._proof_16
77589,equiv.forall₂_congr'
24044,equiv.arrow_prod_equiv_prod_arrow
91238,non_unital_comm_ring.sub._default.equations._eqn_1
74379,order_dual.linear_ordered_cancel_add_comm_monoid._proof_3
5419,nat.add_mul_mod_self_left
65466,nat.multichoose_one
85168,_private.1175397333.ge_from_le
28065,function.injective.linear_ordered_semiring._proof_21
91528,int.fmod._main.equations._eqn_3
49112,tactic.ring_exp.add_pf_sum_overlap_zero
