,name,r1cs_size,simplify_time,compile_time,gen_time,precompute_time,prove_time,verify_time,returncode
0,nat.decidable_ball_le._proof_1,-1,-1,-1,-1,-1,-1,-1,-1237
1,cardinal.comm_semiring._proof_5,-1,-1,-1,-1,-1,-1,-1,-1235
2,multiset.lattice._proof_6,-1,-1,-1,-1,-1,-1,-1,-1235
3,nat.pincer_recursion.equations._eqn_2,-1,-1,-1,-1,-1,-1,-1,-1237
4,_private.444637879.add_le_add_iff_left\',-1,-1,-1,-1,-1,-1,-1,-1235
5,list.permutations_aux_append,-1,-1,-1,-1,-1,-1,-1,-1234
6,list.is_prefix.filter_map,-1,-1,-1,-1,-1,-1,-1,-1237
7,strong_induction._main._pack._wf_rec_mk_dec_tactic._aux_1,-1,-1,-1,-1,-1,-1,-1,-1235
8,fintype.decidable_exists_fintype.equations._eqn_1,-1,-1,-1,-1,-1,-1,-1,-1235
9,finsupp.map_domain.add_monoid_hom_id,-1,-1,-1,-1,-1,-1,-1,-1235
10,matrix.semiring.is_scalar_tower,-1,-1,-1,-1,-1,-1,-1,-1235
11,polynomial.erase_mem_lifts,-1,-1,-1,-1,-1,-1,-1,-1235
12,ideal.radical._proof_1,-1,-1,-1,-1,-1,-1,-1,-1235
13,mv_polynomial.eval₂_comp_right,-1,-1,-1,-1,-1,-1,-1,-1235
14,finset.sup_le_of_le_directed,-1,-1,-1,-1,-1,-1,-1,-1235
15,bdd_below.finite_of_bdd_above,-1,-1,-1,-1,-1,-1,-1,-1235
16,finsupp.single_apply_ne_zero,-1,-1,-1,-1,-1,-1,-1,-1235
17,finsupp.has_int_scalar,-1,-1,-1,-1,-1,-1,-1,-1235
18,is_integral.sum,-1,-1,-1,-1,-1,-1,-1,-1235
19,adjoin_root.field._proof_23,-1,-1,-1,-1,-1,-1,-1,-1235
20,matrix.det_from_blocks_zero₂₁,-1,-1,-1,-1,-1,-1,-1,-1235
21,cardinal.powerlt.equations._eqn_1,-1,-1,-1,-1,-1,-1,-1,-1235
22,submonoid.multiset_prod_mem,-1,-1,-1,-1,-1,-1,-1,-1235
23,dim_fin_fun,-1,-1,-1,-1,-1,-1,-1,-1235
24,well_ordering_rel.is_well_order.equations._eqn_1,-1,-1,-1,-1,-1,-1,-1,-1235
25,subgroup.relindex_dvd_index_of_le,-1,-1,-1,-1,-1,-1,-1,-1235
26,sym.repeat_left_injective,-1,-1,-1,-1,-1,-1,-1,-1235
27,matrix.non_unital_non_assoc_semiring,-1,-1,-1,-1,-1,-1,-1,-1235
28,cardinal.aleph_0_mul_mk_eq,-1,-1,-1,-1,-1,-1,-1,-1235
29,dfinsupp.basis.equations._eqn_1,-1,-1,-1,-1,-1,-1,-1,-1235
30,cardinal.ord_one,-1,-1,-1,-1,-1,-1,-1,-1235
31,supr_Prop_eq,-1,-1,-1,-1,-1,-1,-1,247
32,linear_equiv.symm_neg,-1,-1,-1,-1,-1,-1,-1,247
33,multiplicative.division_comm_monoid._proof_5,-1,-1,-1,-1,-1,-1,-1,247
34,znum.of_int\'._main.equations._eqn_2,-1,-1,-1,-1,-1,-1,-1,247
35,mul_opposite.non_unital_ring._proof_11,-1,-1,-1,-1,-1,-1,-1,247
36,non_unital_ring_hom.coe_one,-1,-1,-1,-1,-1,-1,-1,247
37,nat.locally_finite_order.equations._eqn_1,-1,-1,-1,-1,-1,-1,-1,247
38,distrib_mul_action_hom.coe_one,-1,-1,-1,-1,-1,-1,-1,247
39,basis.equiv\'._proof_7,-1,-1,-1,-1,-1,-1,-1,247
40,set.subset_inter,-1,-1,-1,-1,-1,-1,-1,247
41,linarith.mul_nonpos,-1,-1,-1,-1,-1,-1,-1,247
42,function.injective.generalized_boolean_algebra._proof_13,-1,-1,-1,-1,-1,-1,-1,247
43,canonically_linear_ordered_semifield.nat_cast._default.equations._eqn_1,-1,-1,-1,-1,-1,-1,-1,247
44,subgroup.normal_comap,-1,-1,-1,-1,-1,-1,-1,247
45,ideal.zero_eq_bot,-1,-1,-1,-1,-1,-1,-1,247
46,commute.cast_int_left,-1,-1,-1,-1,-1,-1,-1,247
47,alternating_map.map_update_self,-1,-1,-1,-1,-1,-1,-1,247
48,ulift.algebra._proof_4,-1,-1,-1,-1,-1,-1,-1,247
49,category_theory.is_equivalence.inv_fun_map,-1,-1,-1,-1,-1,-1,-1,247
50,cycle.inhabited.equations._eqn_1,-1,-1,-1,-1,-1,-1,-1,247
51,linear_equiv.arrow_congr._proof_30,-1,-1,-1,-1,-1,-1,-1,247
52,linear_independent.total_equiv.equations._eqn_1,-1,-1,-1,-1,-1,-1,-1,-1235
53,ordered_cancel_comm_monoid.to_ordered_comm_monoid.equations._eqn_1,-1,-1,-1,-1,-1,-1,-1,247
54,sub_le_sub_flip,-1,-1,-1,-1,-1,-1,-1,247
55,subring.to_submonoid._proof_2,-1,-1,-1,-1,-1,-1,-1,247
56,function.injective.linear_ordered_comm_monoid_with_zero._proof_1,-1,-1,-1,-1,-1,-1,-1,247
57,finset.Ioo_subset_Icc_self,-1,-1,-1,-1,-1,-1,-1,247
58,finsupp.single_mem_supported,-1,-1,-1,-1,-1,-1,-1,-1235
59,prod.non_unital_ring._proof_15,-1,-1,-1,-1,-1,-1,-1,247
60,add_subgroup.to_int_submodule.equations._eqn_1,-1,-1,-1,-1,-1,-1,-1,247
61,is_coprime.neg_neg_iff,-1,-1,-1,-1,-1,-1,-1,247
62,ulift.group_with_zero.equations._eqn_1,-1,-1,-1,-1,-1,-1,-1,247
63,set.is_simple_order_Ici_iff_is_coatom,-1,-1,-1,-1,-1,-1,-1,247
64,finsupp.equiv_fun_on_fintype_symm_coe,-1,-1,-1,-1,-1,-1,-1,-1235
65,alg_equiv.Pi_congr_right._proof_5,-1,-1,-1,-1,-1,-1,-1,247
66,polynomial.map_bit1,-1,-1,-1,-1,-1,-1,-1,-1235
67,is_lawful_applicative.rec_on,-1,-1,-1,-1,-1,-1,-1,247
68,one_hom.comp_assoc,-1,-1,-1,-1,-1,-1,-1,101
69,non_unital_ring_hom.to_opposite_to_fun,-1,-1,-1,-1,-1,-1,-1,247
70,matrix.to_lin_of_inv.equations._eqn_1,-1,-1,-1,-1,-1,-1,-1,-1235
71,subgroup.coe_mk,-1,-1,-1,-1,-1,-1,-1,247
72,ulift.non_unital_comm_semiring._proof_12,-1,-1,-1,-1,-1,-1,-1,247
73,ideal.quotient.field._proof_1,-1,-1,-1,-1,-1,-1,-1,-1235
74,distrib_mul_action_hom.to_linear_map._proof_1,-1,-1,-1,-1,-1,-1,-1,247
75,linear_map.ext_iff,-1,-1,-1,-1,-1,-1,-1,247
76,ring.not_is_field_of_subsingleton,-1,-1,-1,-1,-1,-1,-1,247
77,algebra.tensor_product.tensor_product.comm_ring._proof_13,-1,-1,-1,-1,-1,-1,-1,247
78,set.Ioo_self,-1,-1,-1,-1,-1,-1,-1,247
79,function.injective.ordered_ring._proof_18,-1,-1,-1,-1,-1,-1,-1,247
80,finset.decidable_exists_of_decidable_subsets._match_2,-1,-1,-1,-1,-1,-1,-1,-1235
81,monoid_algebra.non_unital_semiring._proof_6,-1,-1,-1,-1,-1,-1,-1,-1235
82,antitone.union,-1,-1,-1,-1,-1,-1,-1,247
83,submodule.finite_dimensional_supr.equations._eqn_1,-1,-1,-1,-1,-1,-1,-1,-1235
84,dfinsupp.add_comm_group._proof_6,-1,-1,-1,-1,-1,-1,-1,-1235
85,submonoid.to_add_submonoid._proof_6,-1,-1,-1,-1,-1,-1,-1,247
86,fin_two_arrow_equiv_apply,-1,-1,-1,-1,-1,-1,-1,247
87,lcm_dvd_lcm_mul_left,-1,-1,-1,-1,-1,-1,-1,247
88,add_con.add_group._proof_1,-1,-1,-1,-1,-1,-1,-1,247
89,seq_bind_eq,-1,-1,-1,-1,-1,-1,-1,247
90,fin.div_nat,-1,-1,-1,-1,-1,-1,-1,247
91,set.Ioo.no_min_order._match_1,-1,-1,-1,-1,-1,-1,-1,247
92,compl_inj_iff,-1,-1,-1,-1,-1,-1,-1,247
93,eq_zero_of_mul_eq_self_right,-1,-1,-1,-1,-1,-1,-1,247
94,order_hom.fst._proof_1,-1,-1,-1,-1,-1,-1,-1,247
95,canonically_ordered_comm_semiring.mul_assoc,-1,-1,-1,-1,-1,-1,-1,247
96,finite.sigma.finite.equations._eqn_1,-1,-1,-1,-1,-1,-1,-1,-1235
97,prod.add_comm_monoid.equations._eqn_1,-1,-1,-1,-1,-1,-1,-1,247
98,module.End.semiring._proof_13,-1,-1,-1,-1,-1,-1,-1,247
99,order_iso.add_left_apply,-1,-1,-1,-1,-1,-1,-1,247
100,AddGroup.Mon.has_coe,-1,-1,-1,-1,-1,-1,-1,101
101,monoid_hom.compr₂.equations._eqn_1,-1,-1,-1,-1,-1,-1,-1,247
102,linear_pmap.coprod._proof_2,-1,-1,-1,-1,-1,-1,-1,247
103,finset.val_le_iff_val_subset,-1,-1,-1,-1,-1,-1,-1,-1235
104,with_top.linear_ordered_add_comm_monoid_with_top,-1,-1,-1,-1,-1,-1,-1,247
105,alg_hom.restrict_scalars._proof_1,-1,-1,-1,-1,-1,-1,-1,247
106,ordinal.sup_typein_succ,-1,-1,-1,-1,-1,-1,-1,-1235
107,power_basis.has_sizeof_inst,-1,-1,-1,-1,-1,-1,-1,-1235
108,prod.subtraction_comm_monoid._proof_8,-1,-1,-1,-1,-1,-1,-1,247
109,adjoin_root.mod_by_monic_hom.equations._eqn_1,-1,-1,-1,-1,-1,-1,-1,-1235
110,antitone_on.dual_left,-1,-1,-1,-1,-1,-1,-1,247
111,prod.left_cancel_add_semigroup.equations._eqn_1,-1,-1,-1,-1,-1,-1,-1,101
112,string.has_lt\'.equations._eqn_1,-1,-1,-1,-1,-1,-1,-1,247
113,function.injective.semifield._proof_1,-1,-1,-1,-1,-1,-1,-1,247
114,subsemiring_class.to_non_assoc_semiring._proof_7,-1,-1,-1,-1,-1,-1,-1,247
115,list.lex.is_order_connected._match_1.equations._eqn_5,-1,-1,-1,-1,-1,-1,-1,-1234
116,zero_sub_add_zero_sub_rev,-1,-1,-1,-1,-1,-1,-1,247
117,valuation.has_coe_to_fun,-1,-1,-1,-1,-1,-1,-1,247
118,list.rotate\'_length_mul,-1,-1,-1,-1,-1,-1,-1,247
119,omega_complete_partial_order.has_sizeof_inst,-1,-1,-1,-1,-1,-1,-1,247
120,nat.dvd_add_self_left,-1,-1,-1,-1,-1,-1,-1,247
121,subalgebra.coe_restrict_scalars,-1,-1,-1,-1,-1,-1,-1,247
122,module.to_mul_action_with_zero,-1,-1,-1,-1,-1,-1,-1,247
123,one_half_pos,-1,-1,-1,-1,-1,-1,-1,247
124,category_theory.reflects_isomorphisms_of_reflects_monomorphisms_of_reflects_epimorphisms.equations._eqn_1,-1,-1,-1,-1,-1,-1,-1,247
125,add_con.complete_lattice._proof_17,-1,-1,-1,-1,-1,-1,-1,247
126,rbnode.depth._main.equations._eqn_3,-1,-1,-1,-1,-1,-1,-1,-1237
127,multilinear_map.curry_left._proof_1,-1,-1,-1,-1,-1,-1,-1,247
128,category_theory.split_epi.map_section_,-1,-1,-1,-1,-1,-1,-1,247
129,prod.ordered_comm_group._proof_5,-1,-1,-1,-1,-1,-1,-1,247
130,add_submonoid.left_neg_equiv_symm_from_left_neg,-1,-1,-1,-1,-1,-1,-1,247
131,complete_lattice.inf_continuous\',-1,-1,-1,-1,-1,-1,-1,247
132,alternating_map.has_sub._proof_2,-1,-1,-1,-1,-1,-1,-1,247
133,category_theory.fully_faithful_cancel_right._proof_1,-1,-1,-1,-1,-1,-1,-1,247
134,order_dual.ordered_cancel_comm_monoid._proof_7,-1,-1,-1,-1,-1,-1,-1,247
135,dfinsupp.add_monoid.equations._eqn_1,-1,-1,-1,-1,-1,-1,-1,-1235
136,add_submonoid.localization_map.eq_iff_eq,-1,-1,-1,-1,-1,-1,-1,247
137,set.preimage_mul_const_interval,-1,-1,-1,-1,-1,-1,-1,247
138,polynomial.content_monomial,-1,-1,-1,-1,-1,-1,-1,-1235
139,category_theory.functor.prod._proof_2,-1,-1,-1,-1,-1,-1,-1,247
140,pi.const_alg_hom.equations._eqn_1,-1,-1,-1,-1,-1,-1,-1,247
141,set.Ici,-1,-1,-1,-1,-1,-1,-1,247
142,list.sum_smul,-1,-1,-1,-1,-1,-1,-1,247
143,is_coprime.mul_right_iff,-1,-1,-1,-1,-1,-1,-1,247
144,punit.biheyting_algebra._proof_2,-1,-1,-1,-1,-1,-1,-1,247
145,wcovby_iff_covby_or_le_and_le,-1,-1,-1,-1,-1,-1,-1,247
146,add_opposite.non_unital_comm_semiring._proof_6,-1,-1,-1,-1,-1,-1,-1,247
147,prod.comm_ring._proof_16,-1,-1,-1,-1,-1,-1,-1,247
148,finset.decidable_eq_pi_finset.equations._eqn_1,-1,-1,-1,-1,-1,-1,-1,-1235
149,norm_num.adc_bit1_bit0,-1,-1,-1,-1,-1,-1,-1,247
150,tactic.norm_num.nat_gcd_helper_dvd_right,-1,-1,-1,-1,-1,-1,-1,247
151,add_subgroup.of_sub._proof_2,-1,-1,-1,-1,-1,-1,-1,247
152,mul_semiring_action.smul_one,-1,-1,-1,-1,-1,-1,-1,247
153,is_integral_closure.algebra_map_lift,-1,-1,-1,-1,-1,-1,-1,-1235
154,tsub_tsub_tsub_cancel_right,-1,-1,-1,-1,-1,-1,-1,247
155,add_monoid_algebra.ring._proof_12,-1,-1,-1,-1,-1,-1,-1,-1235
156,multiset.fold_cons\'_left,-1,-1,-1,-1,-1,-1,-1,-1235
157,category_theory.functor.map_arrow_obj_left,-1,-1,-1,-1,-1,-1,-1,247
158,additive.canonically_linear_ordered_add_monoid._proof_1,-1,-1,-1,-1,-1,-1,-1,247
159,linear_ordered_add_comm_monoid.decidable_lt._default,-1,-1,-1,-1,-1,-1,-1,247
160,linear_map.smul_right._proof_2,-1,-1,-1,-1,-1,-1,-1,247
161,finsupp.order_embedding_to_fun,-1,-1,-1,-1,-1,-1,-1,247
162,inv_smul_smul,-1,-1,-1,-1,-1,-1,-1,247
163,pi.star_add_monoid._proof_1,-1,-1,-1,-1,-1,-1,-1,247
164,order.coframe.sizeof,-1,-1,-1,-1,-1,-1,-1,247
165,linear_map.to_matrix_id,-1,-1,-1,-1,-1,-1,-1,-1235
166,finset.infi_finset_image,-1,-1,-1,-1,-1,-1,-1,-1235
167,pi.non_assoc_semiring._proof_9,-1,-1,-1,-1,-1,-1,-1,247
168,set.add_monoid.equations._eqn_1,-1,-1,-1,-1,-1,-1,-1,247
169,subgroup.map_equiv_normalizer_eq,-1,-1,-1,-1,-1,-1,-1,247
170,finset.nodup_to_list,-1,-1,-1,-1,-1,-1,-1,247
171,is_fraction_ring.to_field._proof_62,-1,-1,-1,-1,-1,-1,-1,247
172,nat.cast_multiset_prod,-1,-1,-1,-1,-1,-1,-1,-1235
173,cycle.has_repr,-1,-1,-1,-1,-1,-1,-1,247
174,finset.attach_insert,-1,-1,-1,-1,-1,-1,-1,-1235
175,finset.not_mem_sdiff_of_not_mem_left,-1,-1,-1,-1,-1,-1,-1,-1235
176,multiset.pmap_cons,-1,-1,-1,-1,-1,-1,-1,-1235
177,finset.has_coe_to_sort.equations._eqn_1,-1,-1,-1,-1,-1,-1,-1,247
178,submonoid.center.smul_comm_class_right.equations._eqn_1,-1,-1,-1,-1,-1,-1,-1,247
179,name.no_confusion,-1,-1,-1,-1,-1,-1,-1,247
180,is_min_bot,-1,-1,-1,-1,-1,-1,-1,247
181,hnot_le_comm,-1,-1,-1,-1,-1,-1,-1,247
182,mul_semiring_action_hom.has_coe\',-1,-1,-1,-1,-1,-1,-1,247
183,finsupp.lattice._proof_2,-1,-1,-1,-1,-1,-1,-1,-1235
184,fin.succ_above_cases._proof_4,-1,-1,-1,-1,-1,-1,-1,247
185,rat.division_ring,-1,-1,-1,-1,-1,-1,-1,247
186,is_scalar_tower.to_alg_hom._proof_1,-1,-1,-1,-1,-1,-1,-1,247
187,prod.division_monoid.equations._eqn_1,-1,-1,-1,-1,-1,-1,-1,247
188,set.neg_mem_Icc_iff,-1,-1,-1,-1,-1,-1,-1,247
189,mul_opposite.field._proof_4,-1,-1,-1,-1,-1,-1,-1,247
190,add_subgroup.top_equiv_symm_apply_coe,-1,-1,-1,-1,-1,-1,-1,247
191,set.Ioo_subset_Ioo_union_Ico,-1,-1,-1,-1,-1,-1,-1,247
192,fraction_ring.algebra._proof_1,-1,-1,-1,-1,-1,-1,-1,-1235
193,linear_order.to_biheyting_algebra._proof_11,-1,-1,-1,-1,-1,-1,-1,247
194,finset.sum_extend_by_zero,-1,-1,-1,-1,-1,-1,-1,-1235
195,list.rotate_length_mul,-1,-1,-1,-1,-1,-1,-1,247
196,category_theory.split_epi.mk.inj,-1,-1,-1,-1,-1,-1,-1,247
197,subsemiring.coe_top,-1,-1,-1,-1,-1,-1,-1,247
198,algebra.smul_left_mul_matrix,-1,-1,-1,-1,-1,-1,-1,-1235
199,semiconj_by_iff_eq,-1,-1,-1,-1,-1,-1,-1,247
200,linear_map.surjective_of_iterate_surjective,-1,-1,-1,-1,-1,-1,-1,247
201,rat.cast_commute,-1,-1,-1,-1,-1,-1,-1,247
202,nat.add_lt_add_left,-1,-1,-1,-1,-1,-1,-1,-1234
203,sym.has_zero._proof_1,-1,-1,-1,-1,-1,-1,-1,-1235
204,function.injective.linear_ordered_cancel_add_comm_monoid._proof_1,-1,-1,-1,-1,-1,-1,-1,247
205,linear_ordered_ring.to_ordered_ring,-1,-1,-1,-1,-1,-1,-1,247
206,linear_map.to_matrix_symm,-1,-1,-1,-1,-1,-1,-1,-1235
207,linear_ordered_add_comm_group_with_top.max._default.equations._eqn_1,-1,-1,-1,-1,-1,-1,-1,247
208,order_hom.Sup_apply,-1,-1,-1,-1,-1,-1,-1,247
209,with_top.add_comm_monoid._proof_2,-1,-1,-1,-1,-1,-1,-1,247
210,fin.add_comm_group._proof_8,-1,-1,-1,-1,-1,-1,-1,247
211,add_comm_group.total_positive_cone.pos,-1,-1,-1,-1,-1,-1,-1,247
212,commute.div_left,-1,-1,-1,-1,-1,-1,-1,247
213,category_theory.Aut.group._proof_10,-1,-1,-1,-1,-1,-1,-1,247
214,_private.3481098137.neg._main,-1,-1,-1,-1,-1,-1,-1,-1235
215,add_left_iterate,-1,-1,-1,-1,-1,-1,-1,247
216,finset.gcd_image,-1,-1,-1,-1,-1,-1,-1,-1235
217,equiv.perm.set_support_inv_eq,-1,-1,-1,-1,-1,-1,-1,247
218,omega_complete_partial_order.chain.has_mem,-1,-1,-1,-1,-1,-1,-1,247
219,is_well_order.conditionally_complete_linear_order_bot._proof_12,-1,-1,-1,-1,-1,-1,-1,247
220,prod.mul_action_with_zero._proof_1,-1,-1,-1,-1,-1,-1,-1,247
221,subsemiring_class.to_linear_ordered_semiring._proof_8,-1,-1,-1,-1,-1,-1,-1,247
222,submodule.prod_comap_inr,-1,-1,-1,-1,-1,-1,-1,247
223,dfinsupp.single_eq_single_iff,-1,-1,-1,-1,-1,-1,-1,-1235
224,inv_lt_inv_of_neg,-1,-1,-1,-1,-1,-1,-1,247
225,prod.comm_group._proof_5,-1,-1,-1,-1,-1,-1,-1,247
226,tensor_product.algebra_tensor_module.lcurry._proof_2,-1,-1,-1,-1,-1,-1,-1,247
227,function.injective.linear_ordered_comm_ring._proof_16,-1,-1,-1,-1,-1,-1,-1,247
228,alg_equiv_class.has_sizeof_inst,-1,-1,-1,-1,-1,-1,-1,247
229,add_comm_group.sub_eq_add_neg,-1,-1,-1,-1,-1,-1,-1,247
230,additive.add_group._proof_4,-1,-1,-1,-1,-1,-1,-1,247
231,subgroup.inf_subgroup_of_inf_normal_of_left,-1,-1,-1,-1,-1,-1,-1,247
232,subsemigroup.map_inf_comap_of_surjective,-1,-1,-1,-1,-1,-1,-1,247
233,multiplicity.int.coe_nat_multiplicity,-1,-1,-1,-1,-1,-1,-1,247
234,linear_independent.extend.equations._eqn_1,-1,-1,-1,-1,-1,-1,-1,-1235
235,with_top.with_bot.complete_lattice._proof_5,-1,-1,-1,-1,-1,-1,-1,247
236,auto.common_normalize_lemma_names.equations._eqn_1,-1,-1,-1,-1,-1,-1,-1,247
237,category_theory.pi.comap_id._proof_4,-1,-1,-1,-1,-1,-1,-1,247
238,field_of_finite_dimensional,-1,-1,-1,-1,-1,-1,-1,-1235
239,add_subgroup.comap_subtype_normalizer_eq,-1,-1,-1,-1,-1,-1,-1,247
240,add_commute.add_units_zsmul_right,-1,-1,-1,-1,-1,-1,-1,247
241,alg_equiv.map_finsupp_prod,-1,-1,-1,-1,-1,-1,-1,-1235
242,canonically_linear_ordered_semifield.exists_pair_ne,-1,-1,-1,-1,-1,-1,-1,247
243,equiv.perm.decompose_option_apply,-1,-1,-1,-1,-1,-1,-1,247
244,ideal.quotient.comm_ring._proof_31,-1,-1,-1,-1,-1,-1,-1,-1235
245,with_top.sum_eq_top_iff,-1,-1,-1,-1,-1,-1,-1,-1235
246,algebra.tensor_product.tensor_product.semiring._proof_7,-1,-1,-1,-1,-1,-1,-1,247
247,subsemigroup.closure_induction₂,-1,-1,-1,-1,-1,-1,-1,247
248,part_enat.add_monoid_with_one.equations._eqn_1,-1,-1,-1,-1,-1,-1,-1,247
249,is_simple_order.complete_boolean_algebra._proof_6,-1,-1,-1,-1,-1,-1,-1,247
250,lt_iff_lt_of_cmp_eq_cmp,-1,-1,-1,-1,-1,-1,-1,247
251,list.prod_inv_reverse,-1,-1,-1,-1,-1,-1,-1,247
252,polynomial.degree_eq_bot,-1,-1,-1,-1,-1,-1,-1,-1235
253,string.quote_aux.equations._eqn_1,-1,-1,-1,-1,-1,-1,-1,247
254,category_theory.comma.pre_left._proof_3,-1,-1,-1,-1,-1,-1,-1,247
255,ring_equiv.subsemiring_map.equations._eqn_1,-1,-1,-1,-1,-1,-1,-1,247
256,multiset.to_finset_map,-1,-1,-1,-1,-1,-1,-1,-1235
257,basis.sum_extend,-1,-1,-1,-1,-1,-1,-1,-1235
258,strict_anti_on.comp_strict_mono_on,-1,-1,-1,-1,-1,-1,-1,247
259,mul_action.fixed_points,-1,-1,-1,-1,-1,-1,-1,247
260,add_con.add_monoid.equations._eqn_1,-1,-1,-1,-1,-1,-1,-1,247
261,finprod_mem_mul_support,-1,-1,-1,-1,-1,-1,-1,-1235
262,finsupp.sum_univ_single\',-1,-1,-1,-1,-1,-1,-1,-1235
263,algebra.tensor_product.basis_aux._proof_2,-1,-1,-1,-1,-1,-1,-1,247
264,add_opposite.div_inv_monoid._proof_5,-1,-1,-1,-1,-1,-1,-1,247
265,rbmap.max,-1,-1,-1,-1,-1,-1,-1,247
266,alternating_map.map_add_swap,-1,-1,-1,-1,-1,-1,-1,247
267,linear_pmap.neg_graph,-1,-1,-1,-1,-1,-1,-1,247
268,finset.coe_inj,-1,-1,-1,-1,-1,-1,-1,247
269,comm_ring.mul,-1,-1,-1,-1,-1,-1,-1,247
270,linear_equiv.arrow_congr._proof_28,-1,-1,-1,-1,-1,-1,-1,247
271,subtype.locally_finite_order._proof_2,-1,-1,-1,-1,-1,-1,-1,-1235
272,algebra.tensor_product.alg_equiv_of_linear_equiv_tensor_product,-1,-1,-1,-1,-1,-1,-1,247
273,linear_equiv.automorphism_group.equations._eqn_1,-1,-1,-1,-1,-1,-1,-1,247
274,list.count_eq_one_of_mem,-1,-1,-1,-1,-1,-1,-1,247
275,linear_ordered_comm_group_with_zero.mul,-1,-1,-1,-1,-1,-1,-1,247
276,add_monoid_hom.distrib_mul_action._proof_5,-1,-1,-1,-1,-1,-1,-1,247
277,finset.order_emb_of_fin.equations._eqn_1,-1,-1,-1,-1,-1,-1,-1,-1235
278,finset.has_decidable_eq,-1,-1,-1,-1,-1,-1,-1,247
279,list.forall₂.cases_on,-1,-1,-1,-1,-1,-1,-1,101
280,monoid_hom.map_mul_inv,-1,-1,-1,-1,-1,-1,-1,247
281,comm_ring.mk.inj_arrow,-1,-1,-1,-1,-1,-1,-1,247
282,mul_equiv.prod_congr._proof_1,-1,-1,-1,-1,-1,-1,-1,-1237
283,set.compl_inter,-1,-1,-1,-1,-1,-1,-1,247
284,mv_polynomial.mv_polynomial_equiv_mv_polynomial._proof_3,-1,-1,-1,-1,-1,-1,-1,-1235
285,alg_equiv_matrix\'._proof_2,-1,-1,-1,-1,-1,-1,-1,247
286,int.shiftl_sub,-1,-1,-1,-1,-1,-1,-1,247
287,function.injective.linear_ordered_comm_ring._proof_34,-1,-1,-1,-1,-1,-1,-1,247
288,subalgebra.to_subring_subtype,-1,-1,-1,-1,-1,-1,-1,247
289,intermediate_field.add_mem,-1,-1,-1,-1,-1,-1,-1,247
290,non_unital_semiring.add_assoc,-1,-1,-1,-1,-1,-1,-1,247
291,add_submonoid.to_ordered_add_comm_monoid.equations._eqn_1,-1,-1,-1,-1,-1,-1,-1,247
292,ideal.is_primary_inf,-1,-1,-1,-1,-1,-1,-1,-1235
293,set.Ici.order_top._proof_1,-1,-1,-1,-1,-1,-1,-1,247
294,subring.inclusion.equations._eqn_1,-1,-1,-1,-1,-1,-1,-1,247
295,mv_polynomial.eval₂_hom._proof_1,-1,-1,-1,-1,-1,-1,-1,-1235
296,equiv.sum_comp,-1,-1,-1,-1,-1,-1,-1,-1235
297,subfield.to_linear_ordered_field._proof_15,-1,-1,-1,-1,-1,-1,-1,247
298,free_add_monoid.lift_comp_of,-1,-1,-1,-1,-1,-1,-1,247
299,polynomial.reflect_C_mul_X_pow,-1,-1,-1,-1,-1,-1,-1,-1235
300,polynomial.is_root.decidable.equations._eqn_1,-1,-1,-1,-1,-1,-1,-1,-1235
301,polynomial.comm_semiring._proof_2,-1,-1,-1,-1,-1,-1,-1,-1235
302,polynomial.trailing_degree_ne_of_nat_trailing_degree_ne,-1,-1,-1,-1,-1,-1,-1,-1235
303,pi.comm_ring._proof_22,-1,-1,-1,-1,-1,-1,-1,247
304,sq_eq_sq_iff_eq_or_eq_neg,-1,-1,-1,-1,-1,-1,-1,247
305,set_semiring.add_comm_monoid._proof_1,-1,-1,-1,-1,-1,-1,-1,247
306,ordered_semiring.nat_cast_zero,-1,-1,-1,-1,-1,-1,-1,247
307,rat.mk._main.equations._eqn_1,-1,-1,-1,-1,-1,-1,-1,247
308,sub_ne_zero,-1,-1,-1,-1,-1,-1,-1,247
309,add_subgroup.index_dvd_of_le,-1,-1,-1,-1,-1,-1,-1,-1235
310,with_zero.comm_monoid_with_zero.equations._eqn_1,-1,-1,-1,-1,-1,-1,-1,247
311,add_cancel_comm_monoid.mk.inj,-1,-1,-1,-1,-1,-1,-1,247
312,polynomial.nat_degree_C_mul,-1,-1,-1,-1,-1,-1,-1,-1235
313,restrict_scalars.ring_equiv_algebra_map,-1,-1,-1,-1,-1,-1,-1,247
314,alg_hom.id._proof_5,-1,-1,-1,-1,-1,-1,-1,247
315,category_theory.comm_sq.left_adjoint,-1,-1,-1,-1,-1,-1,-1,247
316,finite_dimensional.exists_relation_sum_zero_pos_coefficient_of_dim_succ_lt_card,-1,-1,-1,-1,-1,-1,-1,-1235
317,order_dual.frame._proof_1,-1,-1,-1,-1,-1,-1,-1,247
318,monoid_hom.comm_monoid._proof_4,-1,-1,-1,-1,-1,-1,-1,247
319,add_submonoid.mem_pointwise_smul_iff_inv_smul_mem,-1,-1,-1,-1,-1,-1,-1,247
320,polynomial.trailing_degree_le_trailing_degree,-1,-1,-1,-1,-1,-1,-1,-1235
321,with_top.with_bot.complete_lattice.equations._eqn_1,-1,-1,-1,-1,-1,-1,-1,247
322,is_coprime.pow_iff,-1,-1,-1,-1,-1,-1,-1,-1235
323,monoid_hom.coe_fn._proof_2,-1,-1,-1,-1,-1,-1,-1,247
324,order_dual.ring.equations._eqn_1,-1,-1,-1,-1,-1,-1,-1,247
325,decidable_lt_of_decidable_le._main._proof_2,-1,-1,-1,-1,-1,-1,-1,247
326,finsupp.ker_lsingle,-1,-1,-1,-1,-1,-1,-1,-1235
327,submonoid.mul_distrib_mul_action.equations._eqn_1,-1,-1,-1,-1,-1,-1,-1,247
328,submodule.to_ordered_add_comm_group._proof_8,-1,-1,-1,-1,-1,-1,-1,247
329,comm_monoid.no_confusion,-1,-1,-1,-1,-1,-1,-1,247
330,prod.generalized_coheyting_algebra._proof_11,-1,-1,-1,-1,-1,-1,-1,247
331,frobenius_nat_cast,-1,-1,-1,-1,-1,-1,-1,-1235
332,multiset.lattice._proof_2,-1,-1,-1,-1,-1,-1,-1,-1235
333,category_theory.bundled_hom.bundled_hom_of_parent_projection,-1,-1,-1,-1,-1,-1,-1,247
334,cycle.not_mem_nil,-1,-1,-1,-1,-1,-1,-1,247
335,monoid_algebra.of._proof_1,-1,-1,-1,-1,-1,-1,-1,-1235
336,pequiv.semilattice_inf._proof_2,-1,-1,-1,-1,-1,-1,-1,247
337,ideal.is_maximal.rec_on,-1,-1,-1,-1,-1,-1,-1,247
338,ordered_cancel_add_comm_monoid.le_of_add_le_add_left,-1,-1,-1,-1,-1,-1,-1,247
339,multiset.inf_mono,-1,-1,-1,-1,-1,-1,-1,-1235
340,order_iso.lt_iff_lt,-1,-1,-1,-1,-1,-1,-1,247
341,linear_ordered_comm_monoid_with_zero.to_comm_monoid_with_zero,-1,-1,-1,-1,-1,-1,-1,247
342,function.embedding.prod_map,-1,-1,-1,-1,-1,-1,-1,-1237
343,dfinsupp.map_range_id,-1,-1,-1,-1,-1,-1,-1,-1235
344,category_theory.functor.const_obj_obj,-1,-1,-1,-1,-1,-1,-1,247
345,add_neg_eq_of_eq_add,-1,-1,-1,-1,-1,-1,-1,247
346,ordinal.nfp_monotone,-1,-1,-1,-1,-1,-1,-1,-1235
347,linear_map.ker_eq_bot_of_inverse,-1,-1,-1,-1,-1,-1,-1,247
348,ordinal.add_eq_zero_iff,-1,-1,-1,-1,-1,-1,-1,-1235
349,set.Ioc_union_Ioc,-1,-1,-1,-1,-1,-1,-1,247
350,finset.left_mem_Icc,-1,-1,-1,-1,-1,-1,-1,247
351,commute.list_sum_right,-1,-1,-1,-1,-1,-1,-1,247
352,ulift.comm_monoid._proof_3,-1,-1,-1,-1,-1,-1,-1,247
353,linear_ordered_add_comm_group.mk_of_positive_cone._proof_23,-1,-1,-1,-1,-1,-1,-1,247
354,basis.of_equiv_fun._proof_2,-1,-1,-1,-1,-1,-1,-1,247
355,add_equiv.to_linear_equiv,-1,-1,-1,-1,-1,-1,-1,247
356,order_dual.generalized_heyting_algebra._proof_6,-1,-1,-1,-1,-1,-1,-1,247
357,set.comm_monoid._proof_1,-1,-1,-1,-1,-1,-1,-1,247
358,category_theory.comma.map_left_id._proof_1,-1,-1,-1,-1,-1,-1,-1,247
359,fin_sum_fin_equiv_symm_last,-1,-1,-1,-1,-1,-1,-1,247
360,min_add_add_left,-1,-1,-1,-1,-1,-1,-1,247
361,symm_diff_symm_diff_right,-1,-1,-1,-1,-1,-1,-1,247
362,linear_map.mul_right_one,-1,-1,-1,-1,-1,-1,-1,247
363,algebra.tensor_product.mul,-1,-1,-1,-1,-1,-1,-1,247
364,equiv_functor.map_equiv_refl,-1,-1,-1,-1,-1,-1,-1,247
365,linear_ordered_add_comm_group.mk_of_positive_cone._proof_4,-1,-1,-1,-1,-1,-1,-1,247
366,polynomial.splits_map_iff,-1,-1,-1,-1,-1,-1,-1,-1235
367,add_submonoid.localization_map.of_add_equiv_of_dom._match_6,-1,-1,-1,-1,-1,-1,-1,247
368,equiv.d_array_equiv_fin._match_1.equations._eqn_1,-1,-1,-1,-1,-1,-1,-1,-1237
369,list.nodup.diff_eq_filter,-1,-1,-1,-1,-1,-1,-1,247
370,linear_map.comp_pmap,-1,-1,-1,-1,-1,-1,-1,247
371,subsemiring.center.comm_semiring.equations._eqn_1,-1,-1,-1,-1,-1,-1,-1,247
372,pi.non_assoc_ring._proof_19,-1,-1,-1,-1,-1,-1,-1,247
373,int.lt_succ,-1,-1,-1,-1,-1,-1,-1,247
374,prod.non_assoc_ring._proof_14,-1,-1,-1,-1,-1,-1,-1,247
375,unsigned.of_nat,-1,-1,-1,-1,-1,-1,-1,247
376,multilinear_curry_right_equiv._proof_5,-1,-1,-1,-1,-1,-1,-1,247
377,add_subgroup_class.to_add_group._proof_2,-1,-1,-1,-1,-1,-1,-1,247
378,subring.to_linear_ordered_comm_ring.equations._eqn_1,-1,-1,-1,-1,-1,-1,-1,247
379,composition.card_boundaries_eq_succ_length,-1,-1,-1,-1,-1,-1,-1,-1235
380,category_theory.preimage_map,-1,-1,-1,-1,-1,-1,-1,247
381,category_theory.equivalence.has_sizeof_inst,-1,-1,-1,-1,-1,-1,-1,247
382,neg_sub_neg,-1,-1,-1,-1,-1,-1,-1,247
383,add_subgroup.closure_induction_right,-1,-1,-1,-1,-1,-1,-1,247
384,commutator_element.equations._eqn_1,-1,-1,-1,-1,-1,-1,-1,247
385,equiv.pi_equiv_subtype_sigma._match_1,-1,-1,-1,-1,-1,-1,-1,101
386,nat.size,-1,-1,-1,-1,-1,-1,-1,247
387,monoid_algebra.non_unital_semiring._proof_9,-1,-1,-1,-1,-1,-1,-1,-1235
388,gcd_monoid.mk.inj_arrow,-1,-1,-1,-1,-1,-1,-1,247
389,subalgebra.center_to_subsemiring,-1,-1,-1,-1,-1,-1,-1,247
390,direct_sum.is_internal.collected_basis._proof_3,-1,-1,-1,-1,-1,-1,-1,247
391,finset.preimage_mul_right_one\',-1,-1,-1,-1,-1,-1,-1,-1235
392,is_unit.mul_one_div_cancel,-1,-1,-1,-1,-1,-1,-1,247
393,codisjoint_hnot_left,-1,-1,-1,-1,-1,-1,-1,247
394,set.is_pwo.mul,-1,-1,-1,-1,-1,-1,-1,-1235
395,subsemiring.no_zero_divisors.equations._eqn_1,-1,-1,-1,-1,-1,-1,-1,247
396,finset.generalized_boolean_algebra._proof_9,-1,-1,-1,-1,-1,-1,-1,-1235
397,units.map._proof_2,-1,-1,-1,-1,-1,-1,-1,247
398,int.div_add_mod,-1,-1,-1,-1,-1,-1,-1,247
399,multiset.sigma_add,-1,-1,-1,-1,-1,-1,-1,-1235
400,polynomial.has_well_founded,-1,-1,-1,-1,-1,-1,-1,-1235
401,ulift.cancel_monoid._proof_3,-1,-1,-1,-1,-1,-1,-1,247
402,div_le_one_iff,-1,-1,-1,-1,-1,-1,-1,247
403,nat.min_fac_le,-1,-1,-1,-1,-1,-1,-1,247
404,decidable_nontrivial_coe._main._pack._wf_rec_mk_dec_tactic._aux_1,-1,-1,-1,-1,-1,-1,-1,247
405,algebra.adjoin_comm_semiring_of_comm._proof_13,-1,-1,-1,-1,-1,-1,-1,247
406,euclidean_domain.div_zero,-1,-1,-1,-1,-1,-1,-1,247
407,category_theory.groupoid.of_trunc_split_mono,-1,-1,-1,-1,-1,-1,-1,-1235
408,free_add_monoid.inhabited.equations._eqn_1,-1,-1,-1,-1,-1,-1,-1,247
409,finite.set.finite_diff,-1,-1,-1,-1,-1,-1,-1,-1235
410,matrix.star_ring.equations._eqn_1,-1,-1,-1,-1,-1,-1,-1,-1235
411,matrix.vec_mul_vec_mul,-1,-1,-1,-1,-1,-1,-1,-1235
412,AddCommGroup.as_hom.equations._eqn_1,-1,-1,-1,-1,-1,-1,-1,247
413,add_monoid_hom.mul.equations._eqn_1,-1,-1,-1,-1,-1,-1,-1,247
414,is_modular_lattice.cases_on,-1,-1,-1,-1,-1,-1,-1,247
415,prod.smul_with_zero,-1,-1,-1,-1,-1,-1,-1,-1237
416,order_iso.Ici_bot._proof_4,-1,-1,-1,-1,-1,-1,-1,247
417,order_dual.coframe._proof_17,-1,-1,-1,-1,-1,-1,-1,247
418,mul_opposite.field._proof_27,-1,-1,-1,-1,-1,-1,-1,247
419,zsmul_lt_zsmul_iff\',-1,-1,-1,-1,-1,-1,-1,247
420,add_valuation.comap_supp,-1,-1,-1,-1,-1,-1,-1,247
421,is_lawful_monad.pure_seq_eq_map._default,-1,-1,-1,-1,-1,-1,-1,247
422,associates.ordered_comm_monoid._match_1,-1,-1,-1,-1,-1,-1,-1,-1235
423,subtype.val_injective,-1,-1,-1,-1,-1,-1,-1,101
424,add_group.nsmul_succ\',-1,-1,-1,-1,-1,-1,-1,247
425,ideal.quotient.comm_ring._proof_9,-1,-1,-1,-1,-1,-1,-1,-1235
426,cardinal.lt_aleph_0_iff_finite,-1,-1,-1,-1,-1,-1,-1,-1235
427,part_enat.add_comm_monoid._proof_3,-1,-1,-1,-1,-1,-1,-1,247
428,zero_le_three,-1,-1,-1,-1,-1,-1,-1,247
429,is_glb_Ioo,-1,-1,-1,-1,-1,-1,-1,247
430,additive.subtraction_monoid._proof_5,-1,-1,-1,-1,-1,-1,-1,247
431,add_units.map._proof_1,-1,-1,-1,-1,-1,-1,-1,247
432,array.rev_list_length_aux,-1,-1,-1,-1,-1,-1,-1,247
433,submodule.quotient.smul_comm_class,-1,-1,-1,-1,-1,-1,-1,-1235
434,order.pred_eq_supr,-1,-1,-1,-1,-1,-1,-1,247
435,nat.find_min,-1,-1,-1,-1,-1,-1,-1,247
436,subgroup.disjoint_iff_mul_eq_one,-1,-1,-1,-1,-1,-1,-1,247
437,finset.smul_singleton,-1,-1,-1,-1,-1,-1,-1,-1235
438,finset.singleton_disj_union,-1,-1,-1,-1,-1,-1,-1,-1235
439,ideal.quotient.algebra._proof_7,-1,-1,-1,-1,-1,-1,-1,-1235
440,conj_classes.mem_carrier_mk,-1,-1,-1,-1,-1,-1,-1,247
441,part_enat.with_top_equiv._match_1.equations._eqn_1,-1,-1,-1,-1,-1,-1,-1,247
442,non_unital_comm_semiring.add_assoc,-1,-1,-1,-1,-1,-1,-1,247
443,finset.min_eq_inf_with_top,-1,-1,-1,-1,-1,-1,-1,-1235
444,finset.coe_coe_add_monoid_hom,-1,-1,-1,-1,-1,-1,-1,-1235
445,subalgebra.supr_lift._proof_5,-1,-1,-1,-1,-1,-1,-1,247
446,finset.sum_product,-1,-1,-1,-1,-1,-1,-1,-1235
447,ordinal.div_le_of_le_mul,-1,-1,-1,-1,-1,-1,-1,-1235
448,multiset.prod_pair,-1,-1,-1,-1,-1,-1,-1,-1235
449,finset.Icc_diff_Ioc_self,-1,-1,-1,-1,-1,-1,-1,-1235
450,division_ring.sub._default.equations._eqn_1,-1,-1,-1,-1,-1,-1,-1,247
451,set.monoid._proof_2,-1,-1,-1,-1,-1,-1,-1,247
452,antitone.mem_upper_bounds_image,-1,-1,-1,-1,-1,-1,-1,247
453,category_theory.functor.split_mono_equiv._proof_2,-1,-1,-1,-1,-1,-1,-1,247
454,polynomial.is_primitive.is_primitive_of_dvd,-1,-1,-1,-1,-1,-1,-1,-1235
455,sym.inhabited_sym,-1,-1,-1,-1,-1,-1,-1,-1235
456,neg_zero,-1,-1,-1,-1,-1,-1,-1,247
457,prod.ordered_add_comm_monoid._proof_10,-1,-1,-1,-1,-1,-1,-1,247
458,submonoid_of_idempotent._proof_3,-1,-1,-1,-1,-1,-1,-1,247
459,is_coprime.of_mul_add_right_left,-1,-1,-1,-1,-1,-1,-1,247
460,inf_is_associative,-1,-1,-1,-1,-1,-1,-1,247
461,equiv.unique_prod.equations._eqn_1,-1,-1,-1,-1,-1,-1,-1,-1237
462,infi_range,-1,-1,-1,-1,-1,-1,-1,247
463,subring.copy,-1,-1,-1,-1,-1,-1,-1,247
464,nat.succ_pnat_inj,-1,-1,-1,-1,-1,-1,-1,247
465,linear_pmap.mk_span_singleton\'_apply,-1,-1,-1,-1,-1,-1,-1,247
466,intermediate_field.coe_sum,-1,-1,-1,-1,-1,-1,-1,-1235
467,polynomial.coeff_X_one,-1,-1,-1,-1,-1,-1,-1,-1235
468,nat.dvd_trans,-1,-1,-1,-1,-1,-1,-1,-1237
469,matrix.ker_to_lin\'_eq_bot_iff,-1,-1,-1,-1,-1,-1,-1,-1235
470,linear_map.to_matrix_algebra_map,-1,-1,-1,-1,-1,-1,-1,-1235
471,linear_map.sup_range_inl_inr,-1,-1,-1,-1,-1,-1,-1,247
472,supr_eq_supr_finset\',-1,-1,-1,-1,-1,-1,-1,-1235
473,fin_two_equiv,-1,-1,-1,-1,-1,-1,-1,247
474,ideal.quotient.field._proof_32,-1,-1,-1,-1,-1,-1,-1,-1235
475,division_ring.inv_zero,-1,-1,-1,-1,-1,-1,-1,247
476,set.Icc.semilattice_sup._proof_1,-1,-1,-1,-1,-1,-1,-1,247
477,bool.ff_lt_tt,-1,-1,-1,-1,-1,-1,-1,247
478,subsemigroup.closure_eq,-1,-1,-1,-1,-1,-1,-1,247
479,function.injective.linear_ordered_comm_monoid_with_zero._proof_4,-1,-1,-1,-1,-1,-1,-1,247
480,mul_equiv.mul_equiv_class._proof_1,-1,-1,-1,-1,-1,-1,-1,-1237
481,field.qsmul._default,-1,-1,-1,-1,-1,-1,-1,247
482,int.conditionally_complete_linear_order.equations._eqn_1,-1,-1,-1,-1,-1,-1,-1,247
483,multilinear_map.comp_linear_equiv_eq_zero_iff,-1,-1,-1,-1,-1,-1,-1,247
484,has_le.le.antisymm,-1,-1,-1,-1,-1,-1,-1,247
485,function.antitone_iterate_of_le_id,-1,-1,-1,-1,-1,-1,-1,247
486,finset.inter_inter_distrib_right,-1,-1,-1,-1,-1,-1,-1,-1235
487,set.bounded_gt_Ioc,-1,-1,-1,-1,-1,-1,-1,247
488,comm_semiring.to_non_unital_comm_semiring._proof_3,-1,-1,-1,-1,-1,-1,-1,247
489,nat.card_eq_fintype_card,-1,-1,-1,-1,-1,-1,-1,-1235
490,equiv.perm.sigma_congr_right_hom_apply,-1,-1,-1,-1,-1,-1,-1,247
491,conditionally_complete_lattice.le_refl,-1,-1,-1,-1,-1,-1,-1,247
492,order_dual.ordered_comm_monoid._proof_11,-1,-1,-1,-1,-1,-1,-1,247
493,set.bUnion_eq_sigma_of_disjoint._proof_2,-1,-1,-1,-1,-1,-1,-1,247
494,linear_map.comp,-1,-1,-1,-1,-1,-1,-1,247
495,function.injective.linear_ordered_comm_monoid._proof_7,-1,-1,-1,-1,-1,-1,-1,247
496,nat.conditionally_complete_linear_order_bot._proof_4,-1,-1,-1,-1,-1,-1,-1,247
497,mul_action.disjoint_image_image_iff,-1,-1,-1,-1,-1,-1,-1,247
498,ring_equiv.of_hom_inv._proof_2,-1,-1,-1,-1,-1,-1,-1,247
499,mv_polynomial.support_fin_succ_equiv_nonempty,-1,-1,-1,-1,-1,-1,-1,-1235
500,sum.encodable.equations._eqn_1,-1,-1,-1,-1,-1,-1,-1,247
501,ordinal.deriv_mul_eq_opow_omega_mul,-1,-1,-1,-1,-1,-1,-1,-1235
502,nat.test_bit_lor,-1,-1,-1,-1,-1,-1,-1,247
503,add_right_cancel_monoid.add_assoc,-1,-1,-1,-1,-1,-1,-1,247
504,monoid_hom.eq_of_eq_on_top,-1,-1,-1,-1,-1,-1,-1,247
505,field.mul_comm,-1,-1,-1,-1,-1,-1,-1,247
506,add_monoid_hom.comp_hom\',-1,-1,-1,-1,-1,-1,-1,247
507,mul_equiv.inv\'_apply,-1,-1,-1,-1,-1,-1,-1,247
508,category_theory.functor.associator,-1,-1,-1,-1,-1,-1,-1,247
509,mul_opposite.group._proof_4,-1,-1,-1,-1,-1,-1,-1,247
510,function.mul_support_eq_empty_iff,-1,-1,-1,-1,-1,-1,-1,247
511,alg_hom.mk\',-1,-1,-1,-1,-1,-1,-1,247
512,minpoly.dvd,-1,-1,-1,-1,-1,-1,-1,-1235
513,associates.cancel_comm_monoid_with_zero._proof_7,-1,-1,-1,-1,-1,-1,-1,247
514,decidable.mul_lt_one_of_nonneg_of_lt_one_left,-1,-1,-1,-1,-1,-1,-1,247
515,is_invariant_subring.drec,-1,-1,-1,-1,-1,-1,-1,247
516,smul_monoid_with_zero_hom.equations._eqn_1,-1,-1,-1,-1,-1,-1,-1,247
517,set.pairwise_disjoint,-1,-1,-1,-1,-1,-1,-1,247
518,CommSemiRing.has_coe_to_sort.equations._eqn_1,-1,-1,-1,-1,-1,-1,-1,247
519,non_unital_ring.zsmul_succ\',-1,-1,-1,-1,-1,-1,-1,247
520,with_zero.division_monoid._match_2.equations._eqn_1,-1,-1,-1,-1,-1,-1,-1,247
521,alg_equiv_class.coe_injective\',-1,-1,-1,-1,-1,-1,-1,247
522,is_self_adjoint.inv,-1,-1,-1,-1,-1,-1,-1,247
523,add_submonoid.neg_top,-1,-1,-1,-1,-1,-1,-1,247
524,pi.no_zero_smul_divisors.equations._eqn_1,-1,-1,-1,-1,-1,-1,-1,247
525,multiset.inter_le_left,-1,-1,-1,-1,-1,-1,-1,-1235
526,prod.distrib_mul_action._proof_1,-1,-1,-1,-1,-1,-1,-1,247
527,polynomial.monomial._proof_1,-1,-1,-1,-1,-1,-1,-1,-1235
528,rat.add_group.equations._eqn_1,-1,-1,-1,-1,-1,-1,-1,247
529,int.dvd_div_of_mul_dvd,-1,-1,-1,-1,-1,-1,-1,247
530,division_monoid.zpow_neg\',-1,-1,-1,-1,-1,-1,-1,247
531,linear_map.graph._proof_1,-1,-1,-1,-1,-1,-1,-1,247
532,composition_as_set_equiv._proof_3,-1,-1,-1,-1,-1,-1,-1,-1235
533,int.exists_gcd_one,-1,-1,-1,-1,-1,-1,-1,247
534,mv_polynomial.coeff_mul_monomial,-1,-1,-1,-1,-1,-1,-1,-1235
535,subgroup.unique._proof_1,-1,-1,-1,-1,-1,-1,-1,247
536,cardinal.extend_function_of_lt,-1,-1,-1,-1,-1,-1,-1,-1235
537,order_dual.conditionally_complete_lattice._proof_8,-1,-1,-1,-1,-1,-1,-1,247
538,add_subgroup.coe_Inf,-1,-1,-1,-1,-1,-1,-1,247
539,polynomial.expand._proof_1,-1,-1,-1,-1,-1,-1,-1,-1235
540,add_localization.r.equations._eqn_1,-1,-1,-1,-1,-1,-1,-1,247
541,rat.cast_injective,-1,-1,-1,-1,-1,-1,-1,247
542,functor.comp.map_pure,-1,-1,-1,-1,-1,-1,-1,247
543,polynomial.monic_X_pow_sub,-1,-1,-1,-1,-1,-1,-1,-1235
544,subalgebra.zero_mem\',-1,-1,-1,-1,-1,-1,-1,247
545,list.eq_of_sum_take_eq,-1,-1,-1,-1,-1,-1,-1,247
546,finsupp.lapply.equations._eqn_1,-1,-1,-1,-1,-1,-1,-1,-1235
547,prod.division_monoid,-1,-1,-1,-1,-1,-1,-1,247
548,list.forall₂_nil_right_iff,-1,-1,-1,-1,-1,-1,-1,101
549,units.inv_eq_of_mul_eq_one_right,-1,-1,-1,-1,-1,-1,-1,247
550,algebra.of_module\'._proof_1,-1,-1,-1,-1,-1,-1,-1,247
551,finset.eq_sum_range_sub\',-1,-1,-1,-1,-1,-1,-1,-1235
552,monoid_algebra.lift_unique,-1,-1,-1,-1,-1,-1,-1,-1235
553,as_linear_order.linear_order.equations._eqn_1,-1,-1,-1,-1,-1,-1,-1,247
554,_private.4141373909.mul_normal_aux._match_3.equations._eqn_1,-1,-1,-1,-1,-1,-1,-1,247
555,multilinear_map.has_sub._proof_1,-1,-1,-1,-1,-1,-1,-1,247
556,finset.singleton_zero_hom.equations._eqn_1,-1,-1,-1,-1,-1,-1,-1,-1235
557,int.eq_one_or_neg_one_of_mul_eq_one\',-1,-1,-1,-1,-1,-1,-1,247
558,tensor_product.map_bilinear_apply,-1,-1,-1,-1,-1,-1,-1,247
559,subsemiring_class.no_confusion_type,-1,-1,-1,-1,-1,-1,-1,247
560,mv_polynomial.map_alg_equiv._proof_2,-1,-1,-1,-1,-1,-1,-1,-1235
561,add_con.Inf_def,-1,-1,-1,-1,-1,-1,-1,247
562,linear_map.fun_left_injective_of_surjective,-1,-1,-1,-1,-1,-1,-1,247
563,distrib_mul_action_hom.comp_id,-1,-1,-1,-1,-1,-1,-1,247
564,finset.smul_card_le,-1,-1,-1,-1,-1,-1,-1,-1235
565,add_valuation.ext_iff,-1,-1,-1,-1,-1,-1,-1,247
566,pi.mul_distrib_mul_action\'._proof_1,-1,-1,-1,-1,-1,-1,-1,247
567,list.repr_aux._main.equations._eqn_3,-1,-1,-1,-1,-1,-1,-1,247
568,linear_map.restrict_scalars._proof_2,-1,-1,-1,-1,-1,-1,-1,247
569,prod.comm_monoid._proof_3,-1,-1,-1,-1,-1,-1,-1,247
570,add_valuation.comap_comp,-1,-1,-1,-1,-1,-1,-1,247
571,antitone_on.map_is_least,-1,-1,-1,-1,-1,-1,-1,247
572,covby.sup_of_inf_of_inf_right,-1,-1,-1,-1,-1,-1,-1,247
573,complete_linear_order.to_conditionally_complete_linear_order_bot._proof_15,-1,-1,-1,-1,-1,-1,-1,247
574,finset.val_inj,-1,-1,-1,-1,-1,-1,-1,247
575,int.smul_one_eq_coe,-1,-1,-1,-1,-1,-1,-1,247
576,sub_add_eq_sub_add_zero_sub,-1,-1,-1,-1,-1,-1,-1,247
577,finsupp.lift_add_hom,-1,-1,-1,-1,-1,-1,-1,-1235
578,mul_opposite.division_ring._proof_8,-1,-1,-1,-1,-1,-1,-1,247
579,fin.add_monoid_with_one._proof_6,-1,-1,-1,-1,-1,-1,-1,247
580,int.cast_inj_on_of_ring_char_ne_two,-1,-1,-1,-1,-1,-1,-1,-1235
581,set.sInter_diff_singleton_univ,-1,-1,-1,-1,-1,-1,-1,247
582,units.is_scalar_tower\'_left,-1,-1,-1,-1,-1,-1,-1,247
583,submodule.le_div_iff,-1,-1,-1,-1,-1,-1,-1,247
584,boolean_algebra.top_le_sup_compl,-1,-1,-1,-1,-1,-1,-1,247
585,subsemiring.to_non_assoc_semiring._proof_9,-1,-1,-1,-1,-1,-1,-1,247
586,quotient_group.coe_pow,-1,-1,-1,-1,-1,-1,-1,-1235
587,rat.denom_zero,-1,-1,-1,-1,-1,-1,-1,247
588,monoid.mul_assoc,-1,-1,-1,-1,-1,-1,-1,247
589,non_assoc_ring.zsmul._default,-1,-1,-1,-1,-1,-1,-1,247
590,linear_ordered_field.to_field,-1,-1,-1,-1,-1,-1,-1,247
591,linear_equiv.fin_two_arrow._proof_4,-1,-1,-1,-1,-1,-1,-1,247
592,functor.comp.comp_map,-1,-1,-1,-1,-1,-1,-1,247
593,punit.canonically_ordered_add_monoid._proof_1,-1,-1,-1,-1,-1,-1,-1,247
594,cubic.leading_coeff_of_a_eq_zero,-1,-1,-1,-1,-1,-1,-1,-1235
595,sub_eq_of_eq_add\',-1,-1,-1,-1,-1,-1,-1,247
596,tactic.ring_exp.pow_pf_zero,-1,-1,-1,-1,-1,-1,-1,247
597,linear_map.lsum._proof_1,-1,-1,-1,-1,-1,-1,-1,247
598,add_monoid.End.semiring._proof_8,-1,-1,-1,-1,-1,-1,-1,247
599,function.periodic_orbit_eq_nil_of_not_periodic_pt,-1,-1,-1,-1,-1,-1,-1,247
600,equiv.perm.sign_of_subtype,-1,-1,-1,-1,-1,-1,-1,-1235
601,list.zip_with_rotate_one,-1,-1,-1,-1,-1,-1,-1,247
602,non_assoc_semiring.zero_add,-1,-1,-1,-1,-1,-1,-1,247
603,finsupp.map_range_id,-1,-1,-1,-1,-1,-1,-1,-1235
604,submodule.complete_lattice,-1,-1,-1,-1,-1,-1,-1,247
605,inv_div_left,-1,-1,-1,-1,-1,-1,-1,247
606,has_le.le.trans_eq,-1,-1,-1,-1,-1,-1,-1,247
607,multiset.union_add_inter,-1,-1,-1,-1,-1,-1,-1,-1235
608,himp_triangle,-1,-1,-1,-1,-1,-1,-1,247
609,submodule.comap_mkq.order_embedding.equations._eqn_1,-1,-1,-1,-1,-1,-1,-1,247
610,ordinal.not_succ_of_is_limit,-1,-1,-1,-1,-1,-1,-1,-1235
611,non_unital_alg_hom_class.to_distrib_mul_action_hom_class,-1,-1,-1,-1,-1,-1,-1,247
612,set.finite.is_wf,-1,-1,-1,-1,-1,-1,-1,-1235
613,non_zero_divisors,-1,-1,-1,-1,-1,-1,-1,247
614,ordered_comm_ring.to_ordered_comm_semiring._proof_14,-1,-1,-1,-1,-1,-1,-1,247
615,int.greatest_of_bdd._match_2._proof_1,-1,-1,-1,-1,-1,-1,-1,247
616,category_theory.functor.left_op_right_op_equiv._proof_4,-1,-1,-1,-1,-1,-1,-1,247
617,rat.has_zero.equations._eqn_1,-1,-1,-1,-1,-1,-1,-1,247
618,algebra.tensor_product.rid_tmul,-1,-1,-1,-1,-1,-1,-1,247
619,list.lt_length_right_of_zip,-1,-1,-1,-1,-1,-1,-1,247
620,mv_polynomial.sum_alg_equiv._proof_5,-1,-1,-1,-1,-1,-1,-1,-1235
621,ring.positive_cone.sizeof,-1,-1,-1,-1,-1,-1,-1,247
622,complete_lattice.omega_complete_partial_order._match_1,-1,-1,-1,-1,-1,-1,-1,247
623,semilinear_equiv_class.cases_on,-1,-1,-1,-1,-1,-1,-1,247
624,order_hom_class.order_hom.has_coe_t.equations._eqn_1,-1,-1,-1,-1,-1,-1,-1,247
625,set.is_wf.min_mul,-1,-1,-1,-1,-1,-1,-1,-1235
626,set_semiring.order_bot,-1,-1,-1,-1,-1,-1,-1,247
627,linear_map.quotient_inf_equiv_sup_quotient._proof_4,-1,-1,-1,-1,-1,-1,-1,-1235
628,function.injective.comm_semiring._proof_8,-1,-1,-1,-1,-1,-1,-1,247
629,linear_map.module.End.has_mul,-1,-1,-1,-1,-1,-1,-1,247
630,category_theory.groupoid.iso_equiv_hom._proof_4,-1,-1,-1,-1,-1,-1,-1,247
631,dfinsupp.lsum._proof_6,-1,-1,-1,-1,-1,-1,-1,-1235
632,basis.singleton._proof_3,-1,-1,-1,-1,-1,-1,-1,-1235
633,linear_pmap.has_smul.equations._eqn_1,-1,-1,-1,-1,-1,-1,-1,247
634,prod.non_unital_comm_ring._proof_4,-1,-1,-1,-1,-1,-1,-1,247
635,to_dual_compl,-1,-1,-1,-1,-1,-1,-1,247
636,tactic.interactive.case_tag.to_string._main.equations._eqn_2,-1,-1,-1,-1,-1,-1,-1,247
637,add_subgroup.one_lt_index_of_ne_top,-1,-1,-1,-1,-1,-1,-1,-1235
638,list.prod_eq_zero,-1,-1,-1,-1,-1,-1,-1,247
639,matrix.diagonal_linear_map._proof_1,-1,-1,-1,-1,-1,-1,-1,247
640,mul_le_mul_left,-1,-1,-1,-1,-1,-1,-1,247
641,linear_map.prod._proof_2,-1,-1,-1,-1,-1,-1,-1,247
642,equiv.perm.of_subtype.equations._eqn_1,-1,-1,-1,-1,-1,-1,-1,247
643,set.disjoint_Union₂_right,-1,-1,-1,-1,-1,-1,-1,247
644,multilinear_map.add_comm_group._proof_11,-1,-1,-1,-1,-1,-1,-1,247
645,complete_distrib_lattice.inf_le_left,-1,-1,-1,-1,-1,-1,-1,247
646,power_basis.lift._proof_6,-1,-1,-1,-1,-1,-1,-1,247
647,function.injective.linear_ordered_semiring._proof_24,-1,-1,-1,-1,-1,-1,-1,247
648,category_theory.arrow.mono_left.equations._eqn_1,-1,-1,-1,-1,-1,-1,-1,247
649,subgroup.mem_inv_pointwise_smul_iff,-1,-1,-1,-1,-1,-1,-1,247
650,add_localization.add_comm_monoid,-1,-1,-1,-1,-1,-1,-1,247
651,additive.canonically_ordered_add_monoid._proof_9,-1,-1,-1,-1,-1,-1,-1,247
652,char.linear_order._proof_5,-1,-1,-1,-1,-1,-1,-1,247
653,distrib_mul_action.to_add_equiv_symm_apply,-1,-1,-1,-1,-1,-1,-1,247
654,multiplicity.int.nat_abs,-1,-1,-1,-1,-1,-1,-1,247
655,order_dual.complete_distrib_lattice._proof_4,-1,-1,-1,-1,-1,-1,-1,247
656,ring_hom.snd_comp_prod,-1,-1,-1,-1,-1,-1,-1,247
657,Sup_disjoint_iff,-1,-1,-1,-1,-1,-1,-1,247
658,submonoid.localization_map.away_map.lift.equations._eqn_1,-1,-1,-1,-1,-1,-1,-1,247
659,linear_equiv.of_dim_eq._proof_1,-1,-1,-1,-1,-1,-1,-1,247
660,ring_hom.lift_of_surjective._proof_1,-1,-1,-1,-1,-1,-1,-1,247
661,int.eq_of_associated_of_nonneg,-1,-1,-1,-1,-1,-1,-1,247
662,mul_distrib_mul_action.to_monoid_hom,-1,-1,-1,-1,-1,-1,-1,247
663,units.map_equiv._proof_1,-1,-1,-1,-1,-1,-1,-1,247
664,subfield.to_linear_ordered_field._proof_4,-1,-1,-1,-1,-1,-1,-1,247
665,int.lxor.equations._eqn_1,-1,-1,-1,-1,-1,-1,-1,247
666,gcd_monoid.irreducible_iff_prime,-1,-1,-1,-1,-1,-1,-1,247
667,add_subgroup_class.inclusion.equations._eqn_1,-1,-1,-1,-1,-1,-1,-1,247
668,set.image_preimage,-1,-1,-1,-1,-1,-1,-1,247
669,prod.comm_semiring._proof_12,-1,-1,-1,-1,-1,-1,-1,247
670,set.union_div,-1,-1,-1,-1,-1,-1,-1,247
671,finset.empty_subset,-1,-1,-1,-1,-1,-1,-1,247
672,subring.center.field._proof_14,-1,-1,-1,-1,-1,-1,-1,247
673,int.of_nat_hom._proof_2,-1,-1,-1,-1,-1,-1,-1,247
674,inf_lt_right,-1,-1,-1,-1,-1,-1,-1,247
675,nat.div_pos,-1,-1,-1,-1,-1,-1,-1,247
676,algebra.bit0_smul_bit1,-1,-1,-1,-1,-1,-1,-1,247
677,ordered_semiring.mul_zero,-1,-1,-1,-1,-1,-1,-1,247
678,list.drop_take_succ_join_eq_nth_le,-1,-1,-1,-1,-1,-1,-1,247
679,set.bInter_image,-1,-1,-1,-1,-1,-1,-1,247
680,encodable.encode_multiset._proof_3,-1,-1,-1,-1,-1,-1,-1,247
681,add_monoid.End.ring._proof_7,-1,-1,-1,-1,-1,-1,-1,247
682,linear_order_of_STO._proof_10,-1,-1,-1,-1,-1,-1,-1,247
683,mul_action.self_equiv_sigma_orbits_quotient_stabilizer.equations._eqn_1,-1,-1,-1,-1,-1,-1,-1,-1235
684,add_monoid_hom.to_hom_add_units._proof_2,-1,-1,-1,-1,-1,-1,-1,247
685,is_coprime_mul_unit_left,-1,-1,-1,-1,-1,-1,-1,247
686,order_dual.generalized_heyting_algebra._proof_5,-1,-1,-1,-1,-1,-1,-1,247
687,nat.sqrt_pos,-1,-1,-1,-1,-1,-1,-1,247
688,mul_opposite.non_unital_comm_ring._proof_10,-1,-1,-1,-1,-1,-1,-1,247
689,add_group.neg,-1,-1,-1,-1,-1,-1,-1,247
690,function.surjective.non_unital_non_assoc_semiring._proof_8,-1,-1,-1,-1,-1,-1,-1,247
691,linear_map.sub_apply,-1,-1,-1,-1,-1,-1,-1,247
692,subgroup_class.no_confusion,-1,-1,-1,-1,-1,-1,-1,247
693,monoid_algebra.has_coe_to_fun.equations._eqn_1,-1,-1,-1,-1,-1,-1,-1,247
694,category_theory.equivalence.congr_left,-1,-1,-1,-1,-1,-1,-1,247
695,category_theory.iso.hom,-1,-1,-1,-1,-1,-1,-1,247
696,linear_ordered_comm_group_with_zero.decidable_le,-1,-1,-1,-1,-1,-1,-1,247
697,equiv.id_map,-1,-1,-1,-1,-1,-1,-1,247
698,tensor_product.congr._proof_12,-1,-1,-1,-1,-1,-1,-1,247
699,has_le.le.disjoint_compl_right,-1,-1,-1,-1,-1,-1,-1,247
700,nat.size_shiftl,-1,-1,-1,-1,-1,-1,-1,247
701,prod.mul_distrib_mul_action._proof_1,-1,-1,-1,-1,-1,-1,-1,247
702,equiv.div_left_apply,-1,-1,-1,-1,-1,-1,-1,247
703,add_monoid_hom.lift_of_surjective,-1,-1,-1,-1,-1,-1,-1,247
704,linear_equiv.sum_arrow_lequiv_prod_arrow._proof_2,-1,-1,-1,-1,-1,-1,-1,247
705,list.perm.pairwise_iff,-1,-1,-1,-1,-1,-1,-1,247
706,ne_zero.bit1,-1,-1,-1,-1,-1,-1,-1,247
707,add_subgroup.subtype_range,-1,-1,-1,-1,-1,-1,-1,247
708,semilattice_inf.no_confusion,-1,-1,-1,-1,-1,-1,-1,247
709,nat.canonically_ordered_comm_semiring._proof_16,-1,-1,-1,-1,-1,-1,-1,247
710,pi.lex.linear_order._proof_1,-1,-1,-1,-1,-1,-1,-1,247
711,linear_order.to_biheyting_algebra._proof_12,-1,-1,-1,-1,-1,-1,-1,247
712,add_subgroup.closure_add_comm_group_of_comm._proof_3,-1,-1,-1,-1,-1,-1,-1,247
713,bdd_below,-1,-1,-1,-1,-1,-1,-1,247
714,denumerable.finset._proof_2,-1,-1,-1,-1,-1,-1,-1,247
715,function.injective.add_cancel_comm_monoid._proof_1,-1,-1,-1,-1,-1,-1,-1,247
716,subsemiring.to_ordered_semiring,-1,-1,-1,-1,-1,-1,-1,247
717,fin.coe_cast_add,-1,-1,-1,-1,-1,-1,-1,247
718,function.injective.linear_ordered_semifield._proof_10,-1,-1,-1,-1,-1,-1,-1,247
719,intermediate_field.restrict_scalars_injective,-1,-1,-1,-1,-1,-1,-1,247
720,nat.multichoose_one,-1,-1,-1,-1,-1,-1,-1,247
721,_private.2536046397.to_nat_core._main,-1,-1,-1,-1,-1,-1,-1,247
722,set.image_diff_preimage,-1,-1,-1,-1,-1,-1,-1,247
723,order_dual.linear_ordered_cancel_add_comm_monoid._proof_3,-1,-1,-1,-1,-1,-1,-1,247
724,nat.le_sqrt,-1,-1,-1,-1,-1,-1,-1,247
725,div_le_div_of_le_left,-1,-1,-1,-1,-1,-1,-1,247
726,category_theory.adjunction.core_hom_equiv.no_confusion_type,-1,-1,-1,-1,-1,-1,-1,247
727,non_unital_comm_ring.sub._default.equations._eqn_1,-1,-1,-1,-1,-1,-1,-1,247
728,category_theory.equivalence.pow_nat._main.equations._eqn_2,-1,-1,-1,-1,-1,-1,-1,247
1,list.mfoldl._sunfold,-1,-1,-1,-1,-1,-1,-1,-1236
2,set.bijective_iff_bij_on_univ,-1,-1,-1,-1,-1,-1,-1,-1235
3,set.Union_prod_const,-1,-1,-1,-1,-1,-1,-1,-1235
4,cardinal.mk_range_eq_of_injective,-1,-1,-1,-1,-1,-1,-1,-1235
5,mul_equiv.to_additive.equations._eqn_1,-1,-1,-1,-1,-1,-1,-1,-1235
19,vector.induction_on₂._proof_6,106649,5342308411,10360551066,35289366588,1002,7044051008,315846813,0
20,add_monoid_hom.op.equations._eqn_1,-1,-1,-1,-1,-1,-1,-1,-1235
21,list.is_lawful_monad.equations._eqn_1,-1,-1,-1,-1,-1,-1,-1,-1235
22,has_bind.seq,297160,3864907012,30845369270,106118504047,504,21464931633,200375327,0
23,list.filter_map._match_1,224366,3784285792,26223954976,73582957548,936,16193212401,234378723,0
24,lex.has_involutive_inv,21669,4412395272,2577612013,7870843856,999,1763109707,415419828,0
32,ordinal.partial_order._match_17,-1,-1,-1,-1,-1,-1,-1,-1235
41,tactic.itauto.prop.xor,98989,3717558743,10121257019,32982775188,608,6645691105,472489064,0
44,pi.of_lex_apply,82223,4039514246,8841717475,28817535005,788,5873584454,163986914,0
55,mul_equiv_class.cases_on,-1,-1,-1,-1,-1,-1,-1,-1235
60,pi.add_left_cancel_semigroup._proof_1,-1,-1,-1,-1,-1,-1,-1,-1235
62,tactic.dsimp_config.eta._default.equations._eqn_1,48476,3600230578,5593659234,16479752396,738,3442524759,178330408,0
68,mul_one_class.one,763385,4101133588,83833438671,256616966398,491,50632979375,782214234,0
74,lex.has_add.equations._eqn_1,68073,3619183526,7436038988,25240008164,370,5140506032,214915455,0
75,set.preimage_mono,68257,4118359717,7309239364,25807773612,708,5197010486,128897563,0
76,with_top.map_top,83188,3916984950,8507977127,28707708721,754,5841751082,239877805,0
80,one_mul_eq_id,-1,-1,-1,-1,-1,-1,-1,-1235
85,vm_obj_kind.constructor.inj_eq,245680,3879815446,24310133393,77802319195,557,16284442683,557952823,0
87,is_nonstrict_strict_order.mk.inj,34481,4234769051,4553313517,12880914223,860,2690057454,572390309,0
100,nonempty.congr,386448,3804660564,41854282024,130358931952,1090,25893953470,178448761,0
101,semigroup_with_zero.to_semigroup,2961381,4228521853,365124728496,1000537948632,920,210310909117,1211867486,0
103,list.foldl_with_index_aux.equations._eqn_1,61620,5122375879,5778862322,20008578031,1267,4342862007,223929756,0
108,equiv.sum_compl,-1,-1,-1,-1,-1,-1,-1,-1236
110,with_zero.int.has_pow._match_1,730057,4917514916,80811898308,246616926069,437,48409788189,438033486,0
111,function.surjective.of_comp_iff,1801311,4747351355,233199042931,653416403663,782,138643396638,501671920,0
114,subsemigroup.gi_map_comap._proof_1,-1,-1,-1,-1,-1,-1,-1,-1000
115,list.lex.decidable_rel.equations._eqn_3,-1,-1,-1,-1,-1,-1,-1,-1000
117,monad_state_adapter.mk.inj,1996212,4542340601,263566557635,707708999894,1012,151129738014,689292034,0
122,with_zero.map.equations._eqn_1,-1,-1,-1,-1,-1,-1,-1,-1000
123,add_semiconj_by.reflexive,-1,-1,-1,-1,-1,-1,-1,-1000
127,is_trans.dcases_on,425908,3483775797,44587966281,140732420307,1525,28488647823,273297163,0
131,ordered_add_comm_monoid.lt._default.equations._eqn_1,142367,3919213474,13702642948,51025666885,645,9884524857,251448462,0
144,rel_iso.group._proof_5,-1,-1,-1,-1,-1,-1,-1,-1235
148,cardinal.lift,-1,-1,-1,-1,-1,-1,-1,-1235
152,smt_pre_config.rec_on,289099,5840953212,28807270771,105745957405,383,20302482091,5559816714,0
153,set.prod_subset_preimage_snd,432635,4410511428,52160324835,142002052454,546,31075142378,343760454,0
161,option.is_none_some,54778,3934061786,6156599557,18209868284,1264,3954686996,188554406,0
164,mul_equiv.coe_mk,87766,4958544013,9721189322,30309902029,877,6380466875,451388790,0
175,set.maps_to_singleton,674070,4894779241,88702109530,233004681662,1310,50597047833,264046567,0
180,classical.nonempty_pi,423592,3748832965,46875709506,140476907986,752,28735616019,201879739,0
183,vector.insert_nth.equations._eqn_1,-1,-1,-1,-1,-1,-1,-1,-1000
186,order_iso.coe_dual_dual_symm,70474,7166128697,6655560280,25830741312,590,5249973550,312190824,0
187,congr_arg_kind.subsingleton_inst.inj_arrow,28553,3753331516,2703819364,10499147878,527,2179177510,286178107,0
191,submonoid.to_subsemigroup,-1,-1,-1,-1,-1,-1,-1,-1000
196,decidable.or_not_of_imp,352875,3792305354,33412774101,120115397830,578,22860693257,290626285,0
202,semiconj_by.function_semiconj_mul_left,-1,-1,-1,-1,-1,-1,-1,-1000
205,set.bijective_iff_bijective_of_Union_eq_univ,-1,-1,-1,-1,-1,-1,-1,-1000
207,list.chain\'.imp_head,-1,-1,-1,-1,-1,-1,-1,-1000
209,part_enat.dom_of_le_of_dom,1019438,5300059389,149862607804,324671935540,1282,74317800290,608895824,0
210,matrix.diag_add_monoid_hom._proof_1,840840,4296455958,104098992841,279442557051,1037,59397531767,909086818,0
214,ite.decidable._match_1.equations._eqn_1,79422,3978567001,7337103641,30112783670,776,5789703011,300672627,0
216,mul_hom.prod_apply,-1,6686405475,-1,-1,-1,-1,-1,0
217,add_subsemigroup.map,-1,-1,-1,-1,-1,-1,-1,-1000
219,imp_iff_or_not,-1,-1,-1,-1,-1,-1,-1,-1235
230,relation.trans_gen.trans_right,1917673,4079209646,258301779002,692147132978,535,142181830375,602444690,0
244,list.ilast.equations._eqn_4,-1,-1,-1,-1,-1,-1,-1,-1000
246,int.lt_of_add_lt_add_right,-1,-1,-1,-1,-1,-1,-1,-1000
248,flag.mem_coe_iff,-1,-1,-1,-1,-1,-1,-1,-1000
249,tactic_doc_entry.inherit_description_from._default.equations._eqn_1,272853,6066833412,30915567029,102335980049,815,20128027832,5494120179,0
251,vm_obj_kind.environment.sizeof_spec,61039,3879834995,4995826424,19664189876,550,3996915227,202711171,0
263,is_refl.swap,298226,3547807564,32220362073,107687597153,816,21209716832,165758010,0
265,with_zero,16735,3372030451,2406417942,6247854289,637,1290354738,43583504,0
269,Exists.fst,172135,3575561624,18648564899,64563000978,715,13094621592,124880843,0
271,set.up,650796,3626712768,75952218250,230089029314,1101,46900666296,630003648,0
278,io,107227,6033209095,11862339365,36292087509,888,7568696883,150629745,0
281,_private.1165308017.tagged_proof.wf,3201,3508530475,1643401324,1209635918,1186,292970067,63405738,0
284,has_subset.no_confusion_type,311684,3855196009,34746532889,110683591315,976,22312918631,147117147,0
288,subtype.range_coe,-1,-1,-1,-1,-1,-1,-1,-1235
296,set.inj_on_empty,134179,4157665139,13006952107,48946921430,688,9753218123,194855322,0
298,list.dedup_cons_of_not_mem,-1,-1,-1,-1,-1,-1,-1,-1235
301,function.embedding.inl_apply,135666,4381969259,11790673079,49337518501,890,9494747577,272004834,0
304,string.equations._eqn_1,194879,5511812987,22612380502,73066730323,496,14624038954,4056445680,0
307,add_submonoid_class.zero_mem,-1,-1,-1,-1,-1,-1,-1,-1000
311,list.split_at._main,2310518,4472994520,311833257036,829421081858,764,190029182951,611492044,0
315,psigma.elim_val,91974,3730588235,9580386446,31522709890,597,6343096946,180936210,0
319,pi.mul_single_eq_of_ne,1909799,4368065211,239041392879,698381726941,743,143498454579,780864100,0
321,ulift.add_left_cancel_monoid._proof_1,1106030,9274700193,209705773204,804421305723,954,161055381016,573911553,0
323,function.nontrivial.equations._eqn_1,-1,-1,-1,-1,-1,-1,-1,-1235
327,set.piecewise_eq_indicator,-1,-1,-1,-1,-1,-1,-1,-1235
331,units.has_coe,-1,-1,-1,-1,-1,-1,-1,-1000
335,rand_bool._match_1,-1,-1,-1,-1,-1,-1,-1,-1000
339,_private.2092987417.str_ne_str_right_aux,-1,-1,-1,-1,-1,-1,-1,-1000
348,monoid.End.equations._eqn_1,204740,4792242335,22719488337,79744347598,752,15913733479,2621110239,0
355,part_enat.some,68032,3687427792,6950085248,24821750907,831,4922617296,209745987,0
368,setoid.correspondence._proof_5,-1,-1,-1,-1,-1,-1,-1,-1235
373,add_group.nsmul._default,1496436,4982725906,249001113084,617504214390,939,135468280127,395401929,0
375,_private.3591189471.enle.is_linear_order,-1,-1,-1,-1,-1,-1,-1,-1000
389,coe_coe,450896,4287660951,53216751162,160966529975,612,36805057735,657335636,0
390,sum.no_confusion,1737910,3932580055,225464551640,643919452368,830,133711167605,543050491,0
393,function.left_inverse.left_inv_on,51625,4046453942,6651096891,17252299179,842,3740522441,210103844,0
395,fin.partial_prod,-1,-1,-1,-1,-1,-1,-1,-1000
396,set.singleton_nonempty,191554,4085570255,19828419799,64213902185,595,12986077091,214631485,0
400,with_top.has_zero.equations._eqn_1,247207,4630640264,27261181543,78734142094,893,16866779868,320242981,0
401,ulift.neg_down,293687,3811388660,27321402496,104977182590,947,20376719236,322174677,0
402,subtraction_monoid.nsmul._default.equations._eqn_1,1648177,4929033504,392574821539,1110896476723,844,246175407720,2161559838,0
404,nat.mul_dvd_of_dvd_div,-1,-1,-1,-1,-1,-1,-1,-1000
409,binder_info.inst_implicit.inj,13326,3671939224,2735845273,4548315018,1155,997104363,253847081,0
410,is_symm_op.rec_on,270584,3823001855,29144218520,98433776958,661,20817519278,326869317,0
418,invertible.copy,-1,-1,-1,-1,-1,-1,-1,-1000
419,mul_opposite.has_distrib_neg._proof_3,-1,-1,-1,-1,-1,-1,-1,-1000
420,list.decidable_prefix._match_2,-1,-1,-1,-1,-1,-1,-1,-1000
422,int.of_nat_mul_of_nat,2749112,5380522998,432151166210,1039859422219,986,231281642938,1608641834,0
423,vector.induction_on₂._proof_8,1755863,5319825700,272605574742,656597163597,1198,151558735979,1379409838,0
424,list.bin_tree_to_list.equations._eqn_1,-1,-1,-1,-1,-1,-1,-1,-1000
431,num.has_le.equations._eqn_1,-1,-1,-1,-1,-1,-1,-1,-1000
433,with_top.top_mul,-1,-1,-1,-1,-1,-1,-1,-1235
450,function.embedding.no_confusion_type,798087,3737423785,88737336441,265707270315,390,53893992554,387942737,0
451,with_top.has_one.equations._eqn_1,247207,4281084755,27085105134,79746010941,309,16666958135,324246935,0
452,with_zero.mul_zero_one_class._proof_3,107593,4935120210,12080010555,38377179983,849,7655555055,878849052,0
454,is_right_distrib.cases_on,335555,3652332696,36911339382,117148140363,724,24299170034,420912720,0
455,set.vadd_mem_vadd_set,834547,4456283689,95518396458,275461167525,822,56123114699,485788458,0
456,int.sign_eq_neg_one_of_neg,-1,-1,-1,-1,-1,-1,-1,-1000
457,list.erasep_of_forall_not,-1,-1,-1,-1,-1,-1,-1,-1000
460,add_equiv.arrow_congr._proof_2,-1,-1,-1,-1,-1,-1,-1,-1235
462,multiset.eq_zero_of_subset_zero,-1,-1,-1,-1,-1,-1,-1,-1235
469,classical.epsilon,-1,-1,-1,-1,-1,-1,-1,-1235
470,lex.rec.equations._eqn_1,93105,4258829630,10132025004,31741091275,1018,6590367098,167001355,0
472,has_involutive_star.no_confusion,1855949,4439917415,281559111864,710502098625,692,165153639520,887415257,0
473,format.color.inhabited,39874,4014605187,5830185177,14143903020,859,3130358884,265649508,0
474,set_semiring.non_assoc_semiring._proof_11,-1,-1,-1,-1,-1,-1,-1,-1235
477,bin_tree.sizeof,-1,-1,-1,-1,-1,-1,-1,-1000
491,order_dual.exists,148343,4377122481,15292474084,57795009207,792,11312665362,224376961,0
492,nat.two_step_induction.equations._eqn_3,-1,-1,-1,-1,-1,-1,-1,-1000
494,con.lift._proof_1,728254,6552602751,93870414544,276544274228,495,57206808384,6316350875,0
498,fun_info.inhabited,92586,4195321093,9556366273,34284871313,747,6723754090,486256181,0
502,quotient.lift.decidable_pred,-1,-1,-1,-1,-1,-1,-1,-1235
504,list.to_chunks_aux._main,-1,-1,-1,-1,-1,-1,-1,-1000
506,lex.div_inv_monoid,-1,-1,-1,-1,-1,-1,-1,-1000
510,add_subsemigroup.coe_center,611410,5635110586,72038694762,235693597509,644,65513058464,653285238,0
514,list.take_list._match_1,378524,3768892395,48055545260,154217617010,1072,29782154098,266438890,0
526,lex.has_sub.equations._eqn_1,68073,3998904798,8851327149,25156633065,1200,5508875830,214991455,0
528,monad_state_trans.equations._eqn_1,-1,-1,-1,-1,-1,-1,-1,-1236
532,add_subsemigroup.coe_Inf,1756020,6310801421,271272488734,667884788017,718,147369982538,1872218349,0
536,cancel_monoid_with_zero.to_monoid_with_zero,-1,-1,-1,-1,-1,-1,-1,-1000
539,sum.lex.no_min_order_of_nonempty.equations._eqn_1,-1,-1,-1,-1,-1,-1,-1,-1000
545,pos_num.nat_size.equations._eqn_1,61039,4661787238,6976221684,22907902496,941,4342770301,202124476,0
547,is_reduced.eq_zero,1304247,4768376768,194188146925,553863276920,539,124410109130,1227377249,0
548,sum.swap_left_inverse,1136356,4028532682,153409645639,485018691828,655,135784570863,403330278,0
549,is_associative.dcases_on,455482,3622210408,50918798125,148612799604,737,31421568589,367526256,0
550,char.ne_of_vne,-1,-1,-1,-1,-1,-1,-1,-1000
551,ne_of_mem_of_not_mem\',500186,4745896293,72618839057,163632344301,966,37422877381,390408003,0
554,sum.is_empty.equations._eqn_1,527373,4045198750,61325805371,219925452384,1028,42384899723,443966699,0
558,quotient.fin_choice_aux.equations._eqn_1,-1,-1,-1,-1,-1,-1,-1,-1235
559,order_dual.has_one,10320,3410742336,974686809,4138313233,619,891299393,107214632,0
560,zero_hom_class.sizeof,-1,-1,-1,-1,-1,-1,-1,-1000
562,linarith.comp_source.add.inj_arrow,1554957,4561902460,227088966233,615011654524,871,130258031119,536178738,0
564,monoid_with_zero_hom.comp.equations._eqn_1,-1,-1,-1,-1,-1,-1,-1,-1000
565,function.involutive.eq_iff,1134579,4110002212,136321613719,410216769402,645,134295409085,554078688,0
569,list.is_suffix.equations._eqn_1,2141150,4946831595,359540323651,884138942888,845,205407758920,1454847833,0
570,inv_mem_class.mk.inj_arrow,168133,5497514329,18416389117,65307569135,748,12569312924,3715407115,0
571,add_opposite.has_distrib_neg.equations._eqn_1,-1,-1,-1,-1,-1,-1,-1,-1000
572,nonempty_of_exists,239995,3751909083,25800693794,78403902776,966,15879827693,174697363,0
576,add_equiv.to_multiplicative,-1,-1,-1,-1,-1,-1,-1,-1235
579,option.comp_map,-1,-1,-1,-1,-1,-1,-1,-1000
583,function.bijective.comp_right,-1,-1,-1,-1,-1,-1,-1,-1235
587,set.image_image2_right_anticomm,-1,-1,-1,-1,-1,-1,-1,-1235
593,function.injective.sum_elim,-1,-1,-1,-1,-1,-1,-1,-1000
595,list.kextract._sunfold,-1,-1,-1,-1,-1,-1,-1,-1000
597,monad_functor_t.mk.sizeof_spec,74597,5333138426,8293229228,26846109720,781,5615481672,274205647,0
607,set.separates_points,219217,4101827268,21622305146,70701691527,599,14310080065,84574959,0
612,finite.false,193392,9887790209,37283893192,131623390228,860,27081864922,2908839271,0
613,add_monoid_hom.cancel_right,-1,-1,-1,-1,-1,-1,-1,-1235
614,one_hom.id,532990,3910724334,58312188635,195798165584,656,39774521707,480661461,0
619,monoid_hom.snd._proof_1,-1,6007691629,-1,-1,-1,-1,-1,0
623,set.vadd_set_Union,-1,-1,-1,-1,-1,-1,-1,-1235
627,order_dual.covariant_class_add_lt,2074117,4083763651,323513781982,767826212079,553,168931149847,925079524,0
629,bool.nontrivial,865392,4345908306,103063285077,284093013815,612,59560202827,449135123,0
635,ordinal.partial_order._match_11.equations._eqn_1,304631,6287573044,34417071609,109061729623,1172,21995434730,4262988081,0
638,int.le.dest,-1,-1,-1,-1,-1,-1,-1,-1000
639,covariant_class.cases_on,503732,3627527041,60370110590,176121045432,669,37099888099,429150648,0
640,countable.drec,580454,4131543058,60298998171,231424143796,706,44827910192,621042609,0
642,ring_equiv.trans_apply,-1,-1,-1,-1,-1,-1,-1,-1000
645,option.pmap._sunfold,544936,8126803526,167321697872,387161541546,1072,79303669895,573007907,0
646,list.disjoint_left,-1,-1,-1,-1,-1,-1,-1,-1000
649,set.bUnion_vadd_set,-1,-1,-1,-1,-1,-1,-1,-1235
651,alist.ext_iff,-1,-1,-1,-1,-1,-1,-1,-1000
653,list.ilast.equations._eqn_3,58847,4686300759,6745338655,19184168791,780,3972287962,199600717,0
658,tactic.interactive.case_tag.hyps.inj,1367152,6199296696,184970282547,578487523698,559,112333672056,5634723876,0
659,add_mem_class.no_confusion_type,-1,-1,-1,-1,-1,-1,-1,-1000
664,znum.pos.inj_arrow,783700,4129464638,98179528513,268776785964,1038,57663518948,384886690,0
665,relation.refl_trans_gen.is_refl,161878,3718111423,17850172711,57433108442,971,11856523011,324680947,0
669,d_array.mk.inj_arrow,1126025,4761325790,159840292155,514286539203,769,117051649915,839276615,0
675,iff.rec_on,144745,3490949429,14515410980,60750049982,544,11689269942,150504038,0
680,part.zero_mem_zero,415787,6420074156,48137153721,141229145667,616,29768550999,322946717,0
681,rel_hom.rel_hom_class._proof_1,-1,-1,-1,-1,-1,-1,-1,-1000
687,list.tail._main.equations._eqn_2,70848,3822153151,7598613737,25765007626,764,5449153747,239565267,0
692,mul_equiv_class.to_monoid_with_zero_hom_class,-1,-1,-1,-1,-1,-1,-1,-1235
694,cast_pos_num._main.equations._eqn_2,1989333,4800340595,309552345580,761368608131,686,171262172687,1325212624,0
698,ulift.comm_monoid._proof_1,1106030,5856854698,137851842040,424048239430,606,149710855763,273325378,0
699,list.sublists_len_aux.equations._eqn_4,-1,-1,-1,-1,-1,-1,-1,-1000
701,add_monoid_hom.mul_op._proof_4,-1,-1,-1,-1,-1,-1,-1,-1000
702,vector.mmap._main.equations._eqn_2,-1,-1,-1,-1,-1,-1,-1,-1000
705,category_theory.full_subcategory.ext_iff,-1,-1,-1,-1,-1,-1,-1,-1000
706,list.zip_left\'_nil_left,212315,6135365387,24500213801,77540160548,810,16003330314,458739508,0
709,pos_num.divmod._match_2,-1,-1,-1,-1,-1,-1,-1,-1000
711,add_ite,-1,-1,-1,-1,-1,-1,-1,-1000
722,is_lawful_traversable.no_confusion,-1,-1,-1,-1,-1,-1,-1,-1236
726,pi.add_zero_class._proof_1,-1,-1,-1,-1,-1,-1,-1,-1235
735,int.add_lt_add,-1,-1,-1,-1,-1,-1,-1,-1000
740,with_top.order_bot,-1,-1,-1,-1,-1,-1,-1,-1000
746,subtype.tag_irrelevant,236158,4069281916,32223157745,89285060122,1030,24503269141,377990516,0
748,int.cast_coe.equations._eqn_1,292652,4173976209,31847613207,123545814790,819,24701915673,483435383,0
750,fintype.decidable_eq_embedding_fintype._proof_1,-1,-1,-1,-1,-1,-1,-1,-1000
759,int.neg_succ_of_nat_coe,68323,5488740394,6743850833,25006362241,820,4967847680,270745813,0
769,set.countable_empty,-1,-1,-1,-1,-1,-1,-1,-1235
770,multiset.choose,-1,-1,-1,-1,-1,-1,-1,-1235
771,set.image2_Inter₂_subset_right,-1,-1,-1,-1,-1,-1,-1,-1000
774,add_monoid_hom.to_add_equiv,-1,-1,-1,-1,-1,-1,-1,-1000
776,list.zip_with_cons_cons,2470107,4647906266,399879066780,1022683948168,840,236033126883,1522065416,0
781,matrix.one_eq_pi_single,-1,-1,-1,-1,-1,-1,-1,-1235
784,or.assoc,766510,3822119528,97460373862,278342915212,696,57156353152,233321538,0
791,set.div_nonempty,-1,-1,-1,-1,-1,-1,-1,-1000
807,list.rotate\',-1,-1,-1,-1,-1,-1,-1,-1000
808,dvd.intro_left,-1,-1,-1,-1,-1,-1,-1,-1000
809,has_involutive_inv.rec_on,375610,3817217842,42796917577,127722162813,1192,26282096719,480588141,0
825,function.iterate.rec.equations._eqn_1,-1,-1,-1,-1,-1,-1,-1,-1235
835,equiv.subtype_sigma_equiv._proof_3,-1,-1,-1,-1,-1,-1,-1,-1000
837,mul_hom_class.to_fun_like,-1,-1,-1,-1,-1,-1,-1,-1000
838,int.shiftr_coe_nat,-1,-1,-1,-1,-1,-1,-1,-1000
840,not_rel_of_subsingleton,597201,3997387613,63895154389,212050866339,499,41509881370,336251895,0
842,list.foldr,1503211,4224078762,213220771834,614357312245,760,135770480510,320934443,0
843,list.mem_permutations_aux2\',-1,-1,-1,-1,-1,-1,-1,-1235
856,smul_comm_class.drec,-1,-1,-1,-1,-1,-1,-1,-1000
859,function.injective.pairwise_ne,122271,6143041313,13392628096,40016818115,959,8411541385,373337409,0
860,alist.keys.equations._eqn_1,-1,-1,-1,-1,-1,-1,-1,-1000
863,tactic.dsimp_config.memoize._default.equations._eqn_1,48476,3628312737,5487827260,16558174307,782,3420112527,176813233,0
865,has_insert.rec_on,209035,3595331403,23807362915,75975145162,709,15978523132,306151076,0
867,list.scanr_aux._main.equations._eqn_1,180543,4947690805,18971616349,61492294124,1277,12879558337,371745199,0
879,add_equiv.cases_on,1287216,3965211985,163451351905,556054879423,710,105022079764,1305416047,0
886,prod.map_fst,275622,3716994991,26469017786,100037857132,490,19390967429,295397209,0
888,buffer.push_back.equations._eqn_1,-1,-1,-1,-1,-1,-1,-1,-1000
892,has_insert.mk.inj,1025142,4021225148,136509148628,331547881314,788,76329146671,294545777,0
894,monad_io_net_system.listen,1716888,8474390135,302682077093,665681775703,847,161059751219,6121442524,0
895,exists_unique.unique,901578,4335112804,118686088759,314942880361,619,67248222258,321712520,0
900,composition.blocks_fun_mem_blocks,-1,-1,-1,-1,-1,-1,-1,-1000
902,has_lift_t.mk.inj_arrow,973232,4371878008,146500429266,337660691358,680,78860354854,328054602,0
906,fin.coe_last,53125,5610295136,5556505946,17652147786,1118,3558246875,200025173,0
907,list.length.equations._eqn_1,53595,5350820228,6308055742,17847234941,578,3774045112,203214942,0
908,cast_eq_iff_heq,-1,-1,-1,-1,-1,-1,-1,-1000
910,applicative.to_functor,237473,4209992082,24682021476,75815497429,644,15636481987,637568026,0
922,char.has_le,-1,-1,-1,-1,-1,-1,-1,-1000
926,cc_config.ignore_instances,297601,6140345734,32841163859,108005739325,861,21921370442,5536415577,0
927,with_zero.can_lift.equations._eqn_1,-1,-1,-1,-1,-1,-1,-1,-1235
931,list.erase_nil,89373,4862942651,9803187307,30570279413,834,6347055982,388576810,0
933,equiv.bool_prod_equiv_sum_symm_apply,400054,5001875576,47566951544,134729689738,921,28731620397,451445210,0
935,setoid.correspondence.equations._eqn_1,-1,-1,-1,-1,-1,-1,-1,-1235
944,quot.congr.equations._eqn_1,-1,-1,-1,-1,-1,-1,-1,-1235
949,option.ne_none_iff_is_some,-1,-1,-1,-1,-1,-1,-1,-1000
950,znum.pos.inj,768498,4016294048,82471094679,285251364714,598,55374063726,367203608,0
951,add_opposite.op_eq_zero_iff,618472,6365915479,72568459215,221709761297,1257,45374767444,314960888,0
955,list.length_eq_three,-1,-1,-1,-1,-1,-1,-1,-1000
957,list.diff,-1,-1,-1,-1,-1,-1,-1,-1000
959,list.split_on_p_aux\'.equations._eqn_2,-1,-1,-1,-1,-1,-1,-1,-1000
961,prod.has_sdiff.equations._eqn_1,717971,4097181499,89605372521,288278752035,669,94218576369,1044005594,0
962,equiv.arrow_prod_equiv_prod_arrow,-1,-1,-1,-1,-1,-1,-1,-1235
975,_private.1175397333.ge_from_le,290144,3683607744,27818574345,103610424017,752,20317974657,277475957,0
984,distrib.mk.inj,-1,-1,-1,-1,-1,-1,-1,-1000
986,list.duplicate_cons_self_iff,-1,-1,-1,-1,-1,-1,-1,-1000
992,function.injective.linear_ordered_semiring._proof_21,-1,-1,-1,-1,-1,-1,-1,1
993,list.lookmap_id\',-1,-1,-1,-1,-1,-1,-1,-1000
994,mul_equiv.to_equiv_eq_coe,-1,-1,-1,-1,-1,-1,-1,-1000
995,ulift.down_injective,2301546,4317011777,415452890352,1040890653619,634,244246673882,716620557,0
996,vector.of_fn_nth,-1,-1,-1,-1,-1,-1,-1,-1000
997,equiv.forall₂_congr\',-1,-1,-1,-1,-1,-1,-1,-1000
998,nat.add_mul_mod_self_left,-1,-1,-1,-1,-1,-1,-1,-1000
999,int.fmod._main.equations._eqn_3,-1,-1,-1,-1,-1,-1,-1,-1000
