name,r1cs_size,simplify_time,compile_time,gen_time,precompute_time,prove_time,verify_time,returncode
mul_equiv.mul_equiv_class._proof_1,-1,-1,-1,-1,-1,-1,-1,-1237
equiv.d_array_equiv_fin._match_1.equations._eqn_1,-1,-1,-1,-1,-1,-1,-1,-1237
nat.decidable_ball_le._proof_1,-1,-1,-1,-1,-1,-1,-1,-1237
rbnode.depth._main.equations._eqn_3,-1,-1,-1,-1,-1,-1,-1,-1237
function.embedding.prod_map,-1,-1,-1,-1,-1,-1,-1,-1237
prod.smul_with_zero,-1,-1,-1,-1,-1,-1,-1,-1237
mul_equiv.prod_congr._proof_1,-1,-1,-1,-1,-1,-1,-1,-1237
equiv.unique_prod.equations._eqn_1,-1,-1,-1,-1,-1,-1,-1,-1237
nat.pincer_recursion.equations._eqn_2,-1,-1,-1,-1,-1,-1,-1,-1237
nat.dvd_trans,-1,-1,-1,-1,-1,-1,-1,-1237
list.is_prefix.filter_map,-1,-1,-1,-1,-1,-1,-1,-1237
